Country Code;City;Location;Coordinates;Pollutant;Source Name;Unit;Value;Last Updated;Country Label
AT;Oberösterreich;AT4S406;48.1649999995,14.035556;O3;EEA Austria;µg/m³;22.989;2021-11-25T10:00:00+01:00;Austria
AT;Oberösterreich;AT4S108;48.5311111095,14.5747222222;PM2.5;EEA Austria;µg/m³;5.02799987;2021-11-25T10:00:00+01:00;Austria
AT;Niederösterreich;AT31413;48.0838888884,16.3302777778;PM10;EEA Austria;µg/m³;27.0;2021-11-25T10:00:00+01:00;Austria
AT;Salzburg;AT52300;47.6911111106,13.1080555556;PM10;EEA Austria;µg/m³;27.13999938;2021-11-25T10:00:00+01:00;Austria
AT;Niederösterreich;AT31401;48.0861110995,16.3022222;PM10;EEA Austria;µg/m³;26.0;2021-11-25T10:00:00+01:00;Austria
AT;Steiermark;AT60197;46.7783333328,15.5405555556;PM10;EEA Austria;µg/m³;22.54843521;2021-11-25T10:00:00+01:00;Austria
AT;Oberösterreich;AT4S415;48.3233329995,14.2977778;CO;EEA Austria;µg/m³;473.01501;2020-12-30T19:00:00+01:00;Austria
AT;Niederösterreich;AT0PIL1;48.7211111095,15.94222222;O3;EEA Austria;µg/m³;42.463;2021-11-25T10:00:00+01:00;Austria
AT;Niederösterreich;AT0PIL1;48.7211111095,15.94222222;SO2;EEA Austria;µg/m³;3.48500013;2021-11-25T10:00:00+01:00;Austria
AT;Vorarlberg;AT80503;47.5291999995,9.9267;O3;EEA Austria;µg/m³;80.823;2021-11-25T10:00:00+01:00;Austria
AT;Kärnten;AT2KA21;46.6255599995,14.31806;NO2;EEA Austria;µg/m³;27.57500076;2021-11-25T09:00:00+01:00;Austria
AT;Burgenland;AT10001;47.8399999995,16.52806;O3;EEA Austria;µg/m³;41.954;2021-11-25T10:00:00+01:00;Austria
AT;Niederösterreich;AT31402;48.1249999995,16.331388;NO2;EEA Austria;µg/m³;7.6491599;2021-11-25T10:00:00+01:00;Austria
AT;Wien;AT9KEND;48.2049999995,16.30975;NO2;EEA Austria;µg/m³;17.09185218;2021-11-25T10:00:00+01:00;Austria
AT;Niederösterreich;AT30403;48.3922222195,16.522666622;O3;EEA Austria;µg/m³;40.108;2021-11-25T10:00:00+01:00;Austria
AT;Niederösterreich;AT30201;47.9591669995,16.205833;PM2.5;EEA Austria;µg/m³;18.5;2021-11-25T10:00:00+01:00;Austria
AT;Niederösterreich;AT30201;47.9591669995,16.205833;PM10;EEA Austria;µg/m³;23.0;2021-11-25T10:00:00+01:00;Austria
AT;Wien;AT900KE;48.1567079995,16.476051;NO2;EEA Austria;µg/m³;13.55650711;2021-11-25T10:00:00+01:00;Austria
AT;Steiermark;AT60118;47.1783333328,14.6766666667;PM10;EEA Austria;µg/m³;25.10455703;2021-11-25T10:00:00+01:00;Austria
AT;Vorarlberg;AT82801;47.1288639995,10.034324;O3;EEA Austria;µg/m³;15.662;2021-11-25T10:00:00+01:00;Austria
AT;Wien;AT9LIES;48.1412499995,16.30127778;PM2.5;EEA Austria;µg/m³;24.49799919;2021-11-25T10:00:00+01:00;Austria
AT;Austria;Wien Belgradplatz;48.1750111647,16.3630823948;NO2;EEA Austria;µg/m³;19.0;2016-12-12T10:00:00+01:00;Austria
AT;Austria;Graz Don Bosco;47.0555746975,15.4177852213;SO2;EEA Austria;µg/m³;5.0;2016-12-12T10:00:00+01:00;Austria
AT;Oberösterreich;AT4S416;48.2744444435,14.3147222;O3;EEA Austria;µg/m³;21.406;2021-11-25T10:00:00+01:00;Austria
AT;Oberösterreich;AT4S416;48.2744444435,14.3147222;CO;EEA Austria;µg/m³;257.45499;2021-11-25T10:00:00+01:00;Austria
AT;Steiermark;AT60177;47.5654389995,14.244676;SO2;EEA Austria;µg/m³;1.8263725;2021-11-25T10:00:00+01:00;Austria
AT;Wien;AT90A23;48.2030599995,16.43455;CO;EEA Austria;µg/m³;278.97101;2021-11-25T10:00:00+01:00;Austria
AT;Niederösterreich;AT31401;48.0861110995,16.3022222;O3;EEA Austria;µg/m³;35.618;2021-11-25T10:00:00+01:00;Austria
AT;Oberösterreich;AT4S173;48.2788888884,14.3658333333;PM10;EEA Austria;µg/m³;24.33149909;2021-11-25T10:00:00+01:00;Austria
AT;Kärnten;AT2KA71;46.6266166661,14.2991444444;SO2;EEA Austria;µg/m³;2.00999999;2021-11-25T10:00:00+01:00;Austria
AT;Niederösterreich;AT32701;48.1449999995,16.4744444444;O3;EEA Austria;µg/m³;43.5;2021-11-25T10:00:00+01:00;Austria
AT;Steiermark;AT60164;47.0556109995,15.416603;NO2;EEA Austria;µg/m³;42.72278594;2021-11-25T10:00:00+01:00;Austria
AT;Wien;AT90LOB;48.1620694439,16.5256138889;O3;EEA Austria;µg/m³;41.805;2021-11-25T10:00:00+01:00;Austria
AT;Niederösterreich;AT32501;48.4086099995,15.619166;SO2;EEA Austria;µg/m³;3.29999995;2021-11-25T10:00:00+01:00;Austria
AT;Niederösterreich;AT32301;48.2124999995,15.634167;SO2;EEA Austria;µg/m³;0.25;2021-11-25T10:00:00+01:00;Austria
AT;Niederösterreich;AT30104;48.1783333328,14.5486111111;PM2.5;EEA Austria;µg/m³;20.0;2021-11-25T10:00:00+01:00;Austria
AT;Salzburg;AT51200;47.8172222217,13.0308333333;NO2;EEA Austria;µg/m³;27.15451812;2021-11-25T10:00:00+01:00;Austria
AT;Salzburg;AT51066;47.8055555995,13.043333;O3;EEA Austria;µg/m³;10.476;2021-11-25T10:00:00+01:00;Austria
AT;Tirol;AT72223;47.2395527995,11.390653;PM10;EEA Austria;µg/m³;36.55750274;2021-11-25T10:00:00+01:00;Austria
AT;Niederösterreich;AT30065;48.1958349995,16.143612;O3;EEA Austria;µg/m³;31.428;2021-11-25T10:00:00+01:00;Austria
AT;Niederösterreich;AT30403;48.3922222195,16.522666622;NO2;EEA Austria;µg/m³;7.84038877;2021-11-25T10:00:00+01:00;Austria
AT;Steiermark;AT60179;47.2828599995,15.971852;PM10;EEA Austria;µg/m³;35.29496765;2021-11-25T10:00:00+01:00;Austria
AT;Wien;AT90LAA;48.1610363884,16.3929202778;O3;EEA Austria;µg/m³;6.053;2020-12-10T19:00:00+01:00;Austria
AT;Tirol;AT72822;47.3499916995,11.6945417;NO2;EEA Austria;µg/m³;2.89699983;2021-04-24T13:00:00+02:00;Austria
AT;Niederösterreich;AT31904;48.2763888884,15.935;PM10;EEA Austria;µg/m³;20.0;2020-12-04T09:00:00+01:00;Austria
AT;Amt der Steierm�rkischen Landesregierung;Liezen Alte Gasse 8;47.5672222217,14.2436111111;O3;EEA Austria;µg/m³;0.0;2017-07-20T21:00:00+02:00;Austria
AT;Austria;Graz Mitte Gries;47.0691596333,15.4317091082;PM10;EEA Austria;µg/m³;60.0;2016-12-12T10:00:00+01:00;Austria
AT;Austria;Spittal a.d.Drau Oktoberstrasse;46.8016611483,13.4955701764;O3;EEA Austria;µg/m³;2.0;2016-12-12T10:00:00+01:00;Austria
AT;Austria;Wien Kendlerstraße;48.2055535272,16.3105309507;NO2;EEA Austria;µg/m³;15.0;2016-12-12T10:00:00+01:00;Austria
AT;Austria;Graz Nord;47.0955241068,15.4141919602;NO2;EEA Austria;µg/m³;73.0;2016-12-12T10:00:00+01:00;Austria
AT;Austria;Hartberg Zentrum;47.2827572544,15.9719559201;O3;EEA Austria;µg/m³;28.0;2016-12-12T10:00:00+01:00;Austria
AT;Austria;Bockberg;46.8730674222,15.4950403358;PM10;EEA Austria;µg/m³;7.0;2016-12-12T10:00:00+01:00;Austria
AT;Austria;Tulln Leopoldgasse;48.3313633254,16.0594518288;NO2;EEA Austria;µg/m³;22.0;2016-12-12T10:00:00+01:00;Austria
AT;Austria;Streithofen im Tullnerfeld;48.2766884716,15.9361131403;O3;EEA Austria;µg/m³;43.0;2016-12-12T10:00:00+01:00;Austria
AT;Austria;Dornbirn Stadtstraße;47.4108196241,9.7442055499;NO2;EEA Austria;µg/m³;63.0;2016-12-12T10:00:00+01:00;Austria
AT;Austria;Judenburg;47.1794241894,14.6774835957;PM10;EEA Austria;µg/m³;4.0;2016-12-12T10:00:00+01:00;Austria
AT;Austria;Voitsberg Mühlgasse;47.0449858386,15.1499974351;O3;EEA Austria;µg/m³;18.0;2016-12-12T10:00:00+01:00;Austria
AT;Austria;Grundlsee;47.616684105,13.7966854596;O3;EEA Austria;µg/m³;59.0;2016-12-12T10:00:00+01:00;Austria
AT;Steiermark;AT0KLH1;46.7527527862,15.9566845603;O3;EEA Austria;µg/m³;70.0;2016-12-12T10:00:00+01:00;Austria
AT;Wien;AT90A23;48.2030599995,16.43455;SO2;EEA Austria;µg/m³;5.25805234;2021-11-25T10:00:00+01:00;Austria
AT;Oberösterreich;AT4S173;48.2788888884,14.3658333333;CO;EEA Austria;µg/m³;247.32001;2021-11-25T10:00:00+01:00;Austria
AT;Niederösterreich;AT30599;48.3082222195,16.3279444;NO2;EEA Austria;µg/m³;25.62468528;2021-11-25T10:00:00+01:00;Austria
AT;Burgenland;AT10001;47.8399999995,16.52806;SO2;EEA Austria;µg/m³;1.11399996;2021-11-25T09:00:00+01:00;Austria
AT;Niederösterreich;AT30902;48.3852769995,16.182222;PM10;EEA Austria;µg/m³;26.5;2021-11-25T10:00:00+01:00;Austria
AT;Wien;AT9BELG;48.174353055,16.3614172222;PM2.5;EEA Austria;µg/m³;24.54750061;2021-11-25T10:00:00+01:00;Austria
AT;Salzburg;AT55032;47.1258333328,13.8083333333;NO2;EEA Austria;µg/m³;27.15451812;2021-11-25T10:00:00+01:00;Austria
AT;Wien;AT9STAD;48.2263608328,16.458345;PM2.5;EEA Austria;µg/m³;24.38949966;2021-11-25T10:00:00+01:00;Austria
AT;Steiermark;AT60185;46.7674999995,15.956111;O3;EEA Austria;µg/m³;29.123;2021-11-25T10:00:00+01:00;Austria
AT;Burgenland;AT0ILL1;47.7702799995,16.76639;O3;EEA Austria;µg/m³;38.512;2021-11-25T10:00:00+01:00;Austria
AT;Steiermark;AT60191;47.135555555,15.3236111111;SO2;EEA Austria;µg/m³;0.40024849;2021-11-25T10:00:00+01:00;Austria
AT;Steiermark;AT60179;47.2828599995,15.971852;SO2;EEA Austria;µg/m³;2.23193955;2021-11-25T10:00:00+01:00;Austria
AT;Steiermark;AT60179;47.2828599995,15.971852;NO2;EEA Austria;µg/m³;21.55222129;2021-11-25T10:00:00+01:00;Austria
AT;Salzburg;AT52100;47.6669999995,13.106;NO2;EEA Austria;µg/m³;18.93167114;2021-11-25T10:00:00+01:00;Austria
AT;Kärnten;AT2M121;46.5569299995,13.70541;SO2;EEA Austria;µg/m³;4.04500007;2021-11-25T10:00:00+01:00;Austria
AT;Niederösterreich;AT31902;48.3311111106,15.9036111111;NO2;EEA Austria;µg/m³;14.62901782;2021-11-25T10:00:00+01:00;Austria
AT;Niederösterreich;AT31902;48.3311111106,15.9036111111;PM2.5;EEA Austria;µg/m³;21.5;2021-11-25T10:00:00+01:00;Austria
AT;Wien;AT90LAA;48.1610363884,16.3929202778;PM2.5;EEA Austria;µg/m³;21.0550003;2021-11-25T10:00:00+01:00;Austria
AT;Steiermark;AT60106;47.0633299995,15.086667;SO2;EEA Austria;µg/m³;1.0255295;2021-11-25T09:00:00+01:00;Austria
AT;Oberösterreich;AT4S409;48.0494444439,14.4427777778;O3;EEA Austria;µg/m³;26.627;2021-11-25T08:00:00+01:00;Austria
AT;Amt der Ober�sterreichischen Landesregierung;Lenzing Winterstrasse;47.9719443995,13.60083333;SO2;EEA Austria;µg/m³;1.22000002;2017-07-20T21:00:00+02:00;Austria
AT;Amt der Steierm�rkischen Landesregierung;Weiz Birkfelder Stra�e;47.2172239995,15.628333;O3;EEA Austria;µg/m³;0.0;2017-07-20T21:00:00+02:00;Austria
AT;Austria;Hallein B159;47.6830699731,13.1019284189;NO2;EEA Austria;µg/m³;89.0;2016-12-12T10:00:00+01:00;Austria
AT;Austria;Höchst Gemeindeamt;47.4588843935,9.64027047153;NO2;EEA Austria;µg/m³;63.0;2016-12-12T10:00:00+01:00;Austria
AT;Austria;Annaberg - Joachimsberg;47.8552663493,15.3219349805;O3;EEA Austria;µg/m³;57.0;2016-12-12T10:00:00+01:00;Austria
AT;Austria;Linz Kleinmünchen;48.2544432597,14.3108811283;NO2;EEA Austria;µg/m³;23.0;2016-12-12T10:00:00+01:00;Austria
AT;Austria;Voitsberg Mühlgasse;47.0449858386,15.1499974351;PM10;EEA Austria;µg/m³;38.0;2016-12-12T10:00:00+01:00;Austria
AT;Austria;Kramsach Angerberg;47.4591880767,11.9105826891;O3;EEA Austria;µg/m³;14.0;2016-12-12T10:00:00+01:00;Austria
AT;Oberösterreich;AT0ZOE2;47.8386110995,14.441388889;PM2.5;EEA Austria;µg/m³;1.47000002;2021-11-25T10:00:00+01:00;Austria
AT;Oberösterreich;AT4S416;48.2744444435,14.3147222;PM10;EEA Austria;µg/m³;32.07699966;2021-11-25T10:00:00+01:00;Austria
AT;Niederösterreich;AT30202;48.1061110995,15.919444444;NO2;EEA Austria;µg/m³;8.60530471;2021-11-25T10:00:00+01:00;Austria
AT;Tirol;AT72227;47.2780699995,11.512497;PM10;EEA Austria;µg/m³;59.83450317;2021-11-25T10:00:00+01:00;Austria
AT;Steiermark;AT60178;47.2157029995,15.628392;PM10;EEA Austria;µg/m³;80.20129394;2021-11-25T10:00:00+01:00;Austria
AT;Oberösterreich;AT0ENK1;48.3917199995,13.67114;PM10;EEA Austria;µg/m³;17.44499969;2021-11-25T10:00:00+01:00;Austria
AT;Niederösterreich;AT32701;48.1449999995,16.4744444444;NO2;EEA Austria;µg/m³;10.13513755;2021-11-25T10:00:00+01:00;Austria
AT;Steiermark;AT60195;46.8138888884,15.2127777778;NO2;EEA Austria;µg/m³;11.72082805;2021-11-24T15:00:00+01:00;Austria
AT;Burgenland;AT10003;48.1094443995,17.0713889;O3;EEA Austria;µg/m³;24.165;2021-11-25T10:00:00+01:00;Austria
AT;Steiermark;AT60172;47.0692399995,15.431945;NO2;EEA Austria;µg/m³;38.17704772;2021-11-25T10:00:00+01:00;Austria
AT;Kärnten;AT0VOR1;46.6786111106,12.9744444444;CO;EEA Austria;µg/m³;157.72201;2021-11-25T10:00:00+01:00;Austria
AT;Steiermark;AT60107;47.0447222217,15.1527777778;NO2;EEA Austria;µg/m³;30.50779724;2021-11-25T10:00:00+01:00;Austria
AT;Niederösterreich;AT30301;48.1436119995,16.959444;O3;EEA Austria;µg/m³;35.519;2021-11-25T10:00:00+01:00;Austria
AT;Kärnten;AT2WO35;46.7083329995,14.891667;SO2;EEA Austria;µg/m³;2.30999994;2021-11-25T10:00:00+01:00;Austria
AT;Niederösterreich;AT32301;48.2124999995,15.634167;O3;EEA Austria;µg/m³;10.077;2021-11-25T10:00:00+01:00;Austria
AT;Steiermark;AT60156;47.3480599995,15.882222;SO2;EEA Austria;µg/m³;1.87870848;2021-11-25T10:00:00+01:00;Austria
AT;Oberösterreich;AT4S156;48.2577777772,13.0397222222;NO2;EEA Austria;µg/m³;11.31000041;2021-11-25T10:00:00+01:00;Austria
AT;Salzburg;AT0SON1;47.0541666995,12.957777778;NO2;EEA Austria;µg/m³;0.32700157;2021-11-25T10:00:00+01:00;Austria
AT;Kärnten;AT2VL52;46.6953999995,13.91449;O3;EEA Austria;µg/m³;88.84;2021-11-25T10:00:00+01:00;Austria
AT;Wien;AT90MBA;48.1883724995,16.3000202778;NO2;EEA Austria;µg/m³;40.42866516;2021-11-25T10:00:00+01:00;Austria
AT;Wien;AT9JAEG;48.2701583328,16.2972633333;SO2;EEA Austria;µg/m³;4.51885604;2017-07-20T21:00:00+02:00;Austria
AT;Kärnten;AT2WO15;46.8349999995,14.8436111111;PM2.5;EEA Austria;µg/m³;23.36000061;2021-11-25T10:00:00+01:00;Austria
AT;Kärnten;AT2WO15;46.8349999995,14.8436111111;PM10;EEA Austria;µg/m³;27.97999954;2021-11-25T10:00:00+01:00;Austria
AT;Steiermark;AT60036;47.0670111106,15.4936888889;PM10;EEA Austria;µg/m³;24.72444152;2021-11-25T10:00:00+01:00;Austria
AT;Steiermark;AT60139;47.0694429995,15.404388;NO2;EEA Austria;µg/m³;37.55379486;2021-11-25T10:00:00+01:00;Austria
AT;Salzburg;AT52100;47.6669999995,13.106;O3;EEA Austria;µg/m³;28.435;2021-11-25T10:00:00+01:00;Austria
AT;Wien;AT9LIES;48.1412499995,16.30127778;PM10;EEA Austria;µg/m³;29.61500167;2021-11-25T10:00:00+01:00;Austria
AT;Steiermark;AT60106;47.0633299995,15.086667;PM10;EEA Austria;µg/m³;35.00807952;2021-11-25T09:00:00+01:00;Austria
AT;Steiermark;AT60137;47.0591699995,15.016667;O3;EEA Austria;µg/m³;47.413;2021-11-25T03:00:00+01:00;Austria
AT;Austria;Heiterwang;47.447768382,10.7442101242;PM10;EEA Austria;µg/m³;9.0;2016-12-12T09:00:00+01:00;Austria
AT;Austria;Krems;48.4094197901,15.6202654864;NO2;EEA Austria;µg/m³;16.0;2016-12-12T10:00:00+01:00;Austria
AT;Austria;Leoben Zentrum;47.3830302082,15.0899899742;NO2;EEA Austria;µg/m³;54.0;2016-12-12T10:00:00+01:00;Austria
AT;Austria;Vösendorf;48.1250261927,16.3316413599;CO;EEA Austria;µg/m³;210.0;2016-12-12T10:00:00+01:00;Austria
AT;Austria;Gänserndorf;48.3347076441,16.7305831776;PM10;EEA Austria;µg/m³;9.0;2016-12-12T10:00:00+01:00;Austria
AT;Austria;Vöcklabruck;48.0011129974,13.6680467109;NO2;EEA Austria;µg/m³;12.0;2016-12-12T10:00:00+01:00;Austria
AT;Austria;Graz Don Bosco;47.0555746975,15.4177852213;NO2;EEA Austria;µg/m³;81.0;2016-12-12T10:00:00+01:00;Austria
AT;Austria;Steyr;48.0508581903,14.4405978553;SO2;EEA Austria;µg/m³;3.0;2016-12-12T10:00:00+01:00;Austria
AT;Austria;Steyr;48.0508581903,14.4405978553;PM10;EEA Austria;µg/m³;12.0;2016-12-12T10:00:00+01:00;Austria
AT;Austria;St. Veit a.d.Glan Hauptbahnhof;46.7702910806,14.3658580236;PM10;EEA Austria;µg/m³;28.0;2016-12-12T10:00:00+01:00;Austria
AT;Austria;Zederhaus A10;47.1541397801,13.5050024869;NO2;EEA Austria;µg/m³;13.0;2016-12-12T10:00:00+01:00;Austria
AT;Oberösterreich;AT4S108;48.5311111095,14.5747222222;NO2;EEA Austria;µg/m³;9.0;2021-11-25T10:00:00+01:00;Austria
AT;Oberösterreich;AT4S173;48.2788888884,14.3658333333;SO2;EEA Austria;µg/m³;2.99;2021-11-25T10:00:00+01:00;Austria
AT;Oberösterreich;AT0ENK1;48.3917199995,13.67114;SO2;EEA Austria;µg/m³;1.23000001;2021-11-25T10:00:00+01:00;Austria
AT;Burgenland;AT10003;48.1094443995,17.0713889;PM10;EEA Austria;µg/m³;39.56355285;2021-11-25T10:00:00+01:00;Austria
AT;Wien;AT90TAB;48.2167394439,16.3809180556;PM10;EEA Austria;µg/m³;30.51300048;2021-11-25T10:00:00+01:00;Austria
AT;Kärnten;AT0VOR1;46.6786111106,12.9744444444;SO2;EEA Austria;µg/m³;0.39971005;2021-11-25T10:00:00+01:00;Austria
AT;Kärnten;AT0VOR1;46.6786111106,12.9744444444;NO2;EEA Austria;µg/m³;4.62774181;2021-11-25T10:00:00+01:00;Austria
AT;Tirol;AT72123;47.3056221995,11.3759972;O3;EEA Austria;µg/m³;91.761;2021-11-25T10:00:00+01:00;Austria
AT;Niederösterreich;AT30104;48.1783333328,14.5486111111;NO2;EEA Austria;µg/m³;25.5290718;2021-11-25T10:00:00+01:00;Austria
AT;Kärnten;AT2F202;46.8419999995,14.529;PM10;EEA Austria;µg/m³;13.53499984;2021-11-25T10:00:00+01:00;Austria
AT;Wien;AT9GAUD;48.1871469439,16.3393311111;NO2;EEA Austria;µg/m³;24.78996467;2021-11-25T10:00:00+01:00;Austria
AT;Wien;AT9GAUD;48.1871469439,16.3393311111;PM2.5;EEA Austria;µg/m³;23.15999984;2021-11-25T10:00:00+01:00;Austria
AT;Niederösterreich;AT31204;48.2133333328,15.1972222222;O3;EEA Austria;µg/m³;7.084;2021-11-25T10:00:00+01:00;Austria
AT;Wien;AT9KEND;48.2049999995,16.30975;PM2.5;EEA Austria;µg/m³;22.96150016;2021-11-25T10:00:00+01:00;Austria
AT;Wien;AT90MBA;48.1883724995,16.3000202778;CO;EEA Austria;µg/m³;350.49301;2021-11-25T10:00:00+01:00;Austria
AT;Niederösterreich;AT31901;48.3294449995,16.0625;PM10;EEA Austria;µg/m³;36.0;2021-11-25T10:00:00+01:00;Austria
AT;Tirol;AT72315;47.2169471995,10.7357167;PM10;EEA Austria;µg/m³;16.43400001;2021-11-25T10:00:00+01:00;Austria
AT;Burgenland;AT10002;47.3394099995,16.20808;O3;EEA Austria;µg/m³;21.955;2021-11-25T10:00:00+01:00;Austria
AT;Niederösterreich;AT32604;48.0451111106,14.7722777778;PM10;EEA Austria;µg/m³;18.0;2021-11-25T09:00:00+01:00;Austria
AT;Steiermark;AT60137;47.0591699995,15.016667;NO2;EEA Austria;µg/m³;5.68814897;2021-11-25T03:00:00+01:00;Austria
AT;Austria;Graz West;47.0697103009,15.404130829;PM10;EEA Austria;µg/m³;64.0;2016-12-07T19:00:00+01:00;Austria
AT;Austria;Wolkersdorf;48.3922433173,16.5222638632;O3;EEA Austria;µg/m³;37.0;2016-12-12T09:00:00+01:00;Austria
AT;Austria;Leoben Donawitz;47.3760957723,15.0775033917;SO2;EEA Austria;µg/m³;3.0;2016-12-12T10:00:00+01:00;Austria
AT;Austria;Krems;48.4094197901,15.6202654864;PM10;EEA Austria;µg/m³;6.0;2016-12-12T10:00:00+01:00;Austria
AT;Austria;Wien Liesing;48.1380365608,16.2966968953;PM10;EEA Austria;µg/m³;10.0;2016-12-12T10:00:00+01:00;Austria
AT;Austria;Kufstein Praxmarerstraße;47.5863981913,12.1736094043;NO2;EEA Austria;µg/m³;58.0;2016-12-12T10:00:00+01:00;Austria
AT;Austria;Kundl A12;47.4689050125,11.9583730622;NO2;EEA Austria;µg/m³;68.0;2016-12-12T10:00:00+01:00;Austria
AT;Austria;Gratwein;47.1422262873,15.3255282417;SO2;EEA Austria;µg/m³;3.0;2016-12-12T10:00:00+01:00;Austria
AT;Austria;Lustenau Wiesenrain;47.4108196241,9.65275705398;NO2;EEA Austria;µg/m³;45.0;2016-12-12T10:00:00+01:00;Austria
AT;Austria;Steyr;48.0508581903,14.4405978553;O3;EEA Austria;µg/m³;43.0;2016-12-12T10:00:00+01:00;Austria
AT;Austria;Graz Süd Tiergartenweg;47.0419250831,15.4341345595;O3;EEA Austria;µg/m³;2.0;2016-12-12T10:00:00+01:00;Austria
AT;Austria;Streithofen im Tullnerfeld;48.2766884716,15.9361131403;NO2;EEA Austria;µg/m³;13.0;2016-12-12T10:00:00+01:00;Austria
AT;Austria;Amstetten;48.1202888808,14.879155377;O3;EEA Austria;µg/m³;39.0;2016-12-12T10:00:00+01:00;Austria
AT;Austria;Kematen;48.0449729792,14.7722558582;O3;EEA Austria;µg/m³;52.0;2016-12-12T10:00:00+01:00;Austria
AT;Austria;Fürstenfeld;47.0469446299,16.0789452705;PM10;EEA Austria;µg/m³;28.0;2016-12-12T10:00:00+01:00;Austria
AT;Austria;Arnoldstein Gailitz Waldsiedlungsstraße;46.558898771,13.7049674691;PM10;EEA Austria;µg/m³;15.0;2016-12-12T10:00:00+01:00;Austria
AT;Oberösterreich;AT4S217;48.2094444439,14.4369444444;NO2;EEA Austria;µg/m³;19.25499916;2021-11-25T10:00:00+01:00;Austria
AT;Steiermark;AT60197;46.7783333328,15.5405555556;PM2.5;EEA Austria;µg/m³;25.84607887;2021-11-25T10:00:00+01:00;Austria
AT;Steiermark;AT60195;46.8138888884,15.2127777778;O3;EEA Austria;µg/m³;8.322;2021-11-25T10:00:00+01:00;Austria
AT;Steiermark;AT60196;47.0402777772,14.33;O3;EEA Austria;µg/m³;87.918;2021-11-25T10:00:00+01:00;Austria
AT;Niederösterreich;AT31406;48.0833333328,16.3372222222;PM10;EEA Austria;µg/m³;29.5;2021-11-25T10:00:00+01:00;Austria
AT;Burgenland;AT10001;47.8399999995,16.52806;PM10;EEA Austria;µg/m³;26.56755065;2021-11-25T10:00:00+01:00;Austria
AT;Steiermark;AT60142;47.375555555,15.0745;SO2;EEA Austria;µg/m³;0.39574649;2021-11-25T10:00:00+01:00;Austria
AT;Steiermark;AT60142;47.375555555,15.0745;PM10;EEA Austria;µg/m³;46.22690963;2021-11-25T10:00:00+01:00;Austria
AT;Tirol;AT72821;47.3487739995,11.692028;NO2;EEA Austria;µg/m³;47.94100189;2021-11-25T10:00:00+01:00;Austria
AT;Steiermark;AT60157;47.6305599995,13.796667;O3;EEA Austria;µg/m³;54.828;2021-11-25T10:00:00+01:00;Austria
AT;Tirol;AT72552;47.5818082995,12.1724111;NO2;EEA Austria;µg/m³;33.84799957;2021-11-25T10:00:00+01:00;Austria
AT;Niederösterreich;AT31901;48.3294449995,16.0625;O3;EEA Austria;µg/m³;8.381;2021-11-25T10:00:00+01:00;Austria
AT;Steiermark;AT60198;47.0472219995,16.078888;PM10;EEA Austria;µg/m³;34.6105957;2021-11-25T10:00:00+01:00;Austria
AT;Wien;AT9JAEG;48.2701583328,16.2972633333;NO2;EEA Austria;µg/m³;10.35456943;2021-11-25T10:00:00+01:00;Austria
AT;Steiermark;AT60171;47.0594439995,15.466666;PM10;EEA Austria;µg/m³;38.28440856;2021-11-25T10:00:00+01:00;Austria
AT;Kärnten;AT2M121;46.5569299995,13.70541;PM10;EEA Austria;µg/m³;14.52999973;2021-11-25T10:00:00+01:00;Austria
AT;Amt der Steierm�rkischen Landesregierung;Liezen Alte Gasse 8;47.5672222217,14.2436111111;SO2;EEA Austria;µg/m³;0.0;2017-07-20T21:00:00+02:00;Austria
AT;Austria;Wien Kaiserebersdorf;48.1569167138,16.4755514684;NO2;EEA Austria;µg/m³;19.0;2016-12-12T09:00:00+01:00;Austria
AT;Austria;Wolfsberg Hauptschule;46.8352867658,14.8442109124;NO2;EEA Austria;µg/m³;52.0;2016-12-12T10:00:00+01:00;Austria
AT;Austria;Wolfsberg Hauptschule;46.8352867658,14.8442109124;O3;EEA Austria;µg/m³;4.0;2016-12-12T10:00:00+01:00;Austria
AT;Austria;Köflach;47.0616944664,15.0792101908;NO2;EEA Austria;µg/m³;48.0;2016-12-12T10:00:00+01:00;Austria
AT;Austria;Lustenau Zollamt;47.4325180089,9.64943328743;NO2;EEA Austria;µg/m³;77.0;2016-12-12T10:00:00+01:00;Austria
AT;Austria;Klosterneuburg Wisentgasse;48.3013740999,16.3046919014;SO2;EEA Austria;µg/m³;3.0;2016-12-12T10:00:00+01:00;Austria
AT;Austria;St. Pölten - Europaplatz;48.2099836519,15.6111026705;CO;EEA Austria;µg/m³;250.0;2016-12-12T10:00:00+01:00;Austria
AT;Austria;St. Pölten - Eybnerstraße;48.2114203668,15.6316740905;SO2;EEA Austria;µg/m³;3.0;2016-12-12T10:00:00+01:00;Austria
AT;Austria;Klagenfurt Völkermarkterstrasse;46.6200155505,14.3169896722;PM10;EEA Austria;µg/m³;36.0;2016-12-12T10:00:00+01:00;Austria
AT;Austria;Imst Inntalautobahn A12;47.2169621447,10.7355862975;PM10;EEA Austria;µg/m³;50.0;2016-12-12T10:00:00+01:00;Austria
AT;Steiermark;AT60178;47.2157029995,15.628392;NO2;EEA Austria;µg/m³;28.3265438;2021-11-25T10:00:00+01:00;Austria
AT;Vorarlberg;AT80503;47.5291999995,9.9267;NO2;EEA Austria;µg/m³;5.78399991;2021-11-25T10:00:00+01:00;Austria
AT;Niederösterreich;AT30701;48.5288888884,15.9427777778;PM10;EEA Austria;µg/m³;30.0;2021-11-25T10:00:00+01:00;Austria
AT;Niederösterreich;AT32302;48.2012999995,15.6204;PM10;EEA Austria;µg/m³;33.0;2021-11-25T10:00:00+01:00;Austria
AT;Wien;AT90TAB;48.2167394439,16.3809180556;PM2.5;EEA Austria;µg/m³;24.88100051;2021-11-25T10:00:00+01:00;Austria
AT;Oberösterreich;AT4S431;48.3027777772,14.2827777778;CO;EEA Austria;µg/m³;239.23499;2021-11-25T10:00:00+01:00;Austria
AT;Steiermark;AT60156;47.3480599995,15.882222;O3;EEA Austria;µg/m³;47.408;2021-11-25T10:00:00+01:00;Austria
AT;Niederösterreich;AT30302;48.0502779995,16.675278;NO2;EEA Austria;µg/m³;4.58949613;2021-11-25T10:00:00+01:00;Austria
AT;Oberösterreich;AT4S156;48.2577777772,13.0397222222;PM10;EEA Austria;µg/m³;25.97299957;2021-11-25T10:00:00+01:00;Austria
AT;Tirol;AT72519;47.4285527995,11.8718028;PM10;EEA Austria;µg/m³;25.87849998;2021-11-25T10:00:00+01:00;Austria
AT;Tirol;AT72519;47.4285527995,11.8718028;SO2;EEA Austria;µg/m³;0.98050004;2021-11-25T10:00:00+01:00;Austria
AT;Wien;AT900ZA;48.2489929995,16.357079;SO2;EEA Austria;µg/m³;3.75394344;2021-11-25T10:00:00+01:00;Austria
AT;Oberösterreich;AT4S407;48.0008333328,13.6675;SO2;EEA Austria;µg/m³;0.94499999;2021-11-25T10:00:00+01:00;Austria
AT;Austria;Wörgl;47.4891833281,12.0675183692;NO2;EEA Austria;µg/m³;61.0;2016-12-12T10:00:00+01:00;Austria
AT;Austria;Gratwein;47.1422262873,15.3255282417;NO2;EEA Austria;µg/m³;46.0;2016-12-12T10:00:00+01:00;Austria
AT;Austria;Stixneusiedl;48.0508581903,16.6766842605;NO2;EEA Austria;µg/m³;11.0;2016-12-12T10:00:00+01:00;Austria
AT;Austria;Klein St. Paul - Pemberg;46.8419233416,14.5289022477;PM10;EEA Austria;µg/m³;1.0;2016-12-12T10:00:00+01:00;Austria
AT;Austria;Tamsweg - Untere Postgasse;47.1258485147,13.8069262539;O3;EEA Austria;µg/m³;66.0;2016-12-12T10:00:00+01:00;Austria
AT;Niederösterreich;AT30202;48.1061110995,15.919444444;SO2;EEA Austria;µg/m³;2.0999999;2021-11-25T10:00:00+01:00;Austria
AT;Wien;AT90A23;48.2030599995,16.43455;PM2.5;EEA Austria;µg/m³;24.90050125;2021-11-25T10:00:00+01:00;Austria
AT;Niederösterreich;AT30502;48.8786110995,15.04666667;SO2;EEA Austria;µg/m³;1.79999995;2021-11-25T10:00:00+01:00;Austria
AT;Steiermark;AT60178;47.2157029995,15.628392;PM2.5;EEA Austria;µg/m³;23.9495697;2021-11-25T10:00:00+01:00;Austria
AT;Oberösterreich;AT0ENK1;48.3917199995,13.67114;PM2.5;EEA Austria;µg/m³;15.27000045;2021-11-25T10:00:00+01:00;Austria
AT;Oberösterreich;AT4S415;48.3233329995,14.2977778;SO2;EEA Austria;µg/m³;1.88999986;2021-11-25T10:00:00+01:00;Austria
AT;Steiermark;AT60142;47.375555555,15.0745;NO2;EEA Austria;µg/m³;29.61927413;2021-11-25T10:00:00+01:00;Austria
AT;Kärnten;AT2WO35;46.7083329995,14.891667;NO2;EEA Austria;µg/m³;11.8249998;2021-11-25T10:00:00+01:00;Austria
AT;Tirol;AT72538;47.4587169995,11.90995;O3;EEA Austria;µg/m³;6.358;2021-11-25T10:00:00+01:00;Austria
AT;Niederösterreich;AT32301;48.2124999995,15.634167;PM2.5;EEA Austria;µg/m³;24.5;2021-11-25T10:00:00+01:00;Austria
AT;Steiermark;AT60151;46.8713888884,15.4958333333;PM10;EEA Austria;µg/m³;18.24235916;2021-11-25T10:00:00+01:00;Austria
AT;Steiermark;AT60185;46.7674999995,15.956111;NO2;EEA Austria;µg/m³;5.14998817;2017-07-20T21:00:00+02:00;Austria
AT;Steiermark;AT60156;47.3480599995,15.882222;PM10;EEA Austria;µg/m³;13.06016349;2021-11-25T10:00:00+01:00;Austria
AT;Wien;AT9KEND;48.2049999995,16.30975;PM10;EEA Austria;µg/m³;29.66699981;2021-11-25T10:00:00+01:00;Austria
AT;Burgenland;AT10002;47.3394099995,16.20808;PM10;EEA Austria;µg/m³;38.16345214;2021-11-25T10:00:00+01:00;Austria
AT;Steiermark;AT60141;47.3588888884,15.1036111111;PM10;EEA Austria;µg/m³;32.20630645;2021-11-25T10:00:00+01:00;Austria
AT;Wien;AT90AKC;48.2195169995,16.345552;PM2.5;EEA Austria;µg/m³;24.61149978;2021-11-25T10:00:00+01:00;Austria
AT;Oberösterreich;AT4S125;47.7161111106,13.6322222222;O3;EEA Austria;µg/m³;29.385;2021-11-25T09:00:00+01:00;Austria
AT;Niederösterreich;AT30201;47.9591669995,16.205833;NO2;EEA Austria;µg/m³;13.00357246;2021-11-25T10:00:00+01:00;Austria
AT;Wien;AT9LIES;48.1412499995,16.30127778;NO2;EEA Austria;µg/m³;15.19256591;2021-11-25T10:00:00+01:00;Austria
AT;Niederösterreich;AT31904;48.2763888884,15.935;SO2;EEA Austria;µg/m³;6.0;2020-12-04T09:00:00+01:00;Austria
AT;Austria;Wien Stephansplatz;48.2089060893,16.3738621782;O3;EEA Austria;µg/m³;45.0;2016-12-12T10:00:00+01:00;Austria
AT;Austria;Wien Kaiserebersdorf;48.1569167138,16.4755514684;PM10;EEA Austria;µg/m³;8.0;2016-12-12T10:00:00+01:00;Austria
AT;Austria;Wien Kaiserebersdorf;48.1569167138,16.4755514684;SO2;EEA Austria;µg/m³;4.0;2016-12-12T10:00:00+01:00;Austria
AT;Austria;Hallein B159;47.6830699731,13.1019284189;CO;EEA Austria;µg/m³;826.0;2016-12-12T10:00:00+01:00;Austria
AT;Austria;Wien Lobau - Grundwasserwerk;48.1624895263,16.5266656081;PM10;EEA Austria;µg/m³;11.0;2016-12-12T10:00:00+01:00;Austria
AT;Austria;Wien Laaer Berg;48.1614109647,16.3928166307;O3;EEA Austria;µg/m³;38.0;2016-12-12T10:00:00+01:00;Austria
AT;Austria;Hochwurzen;47.3583297239,13.633371741;O3;EEA Austria;µg/m³;72.0;2016-12-12T10:00:00+01:00;Austria
AT;Austria;Wald am Arlberg;47.1278043348,10.0469378006;O3;EEA Austria;µg/m³;46.0;2016-12-12T10:00:00+01:00;Austria
AT;Austria;Wien Gaudenzdorf;48.1877693063,16.3405346812;PM10;EEA Austria;µg/m³;11.0;2016-12-12T10:00:00+01:00;Austria
AT;Austria;Villach Tirolerbrücke;46.61113012,13.8411520662;PM10;EEA Austria;µg/m³;31.0;2016-12-12T10:00:00+01:00;Austria
AT;Austria;Linz Römerberg;48.3030472699,14.2830333544;CO;EEA Austria;µg/m³;310.0;2016-12-12T10:00:00+01:00;Austria
AT;Austria;Tulln Leopoldgasse;48.3313633254,16.0594518288;PM10;EEA Austria;µg/m³;10.0;2016-12-12T10:00:00+01:00;Austria
AT;Austria;Amstetten;48.1202888808,14.879155377;PM10;EEA Austria;µg/m³;6.0;2016-12-12T10:00:00+01:00;Austria
AT;Austria;Bad Ischl;47.7166845556,13.6328327518;PM10;EEA Austria;µg/m³;14.0;2016-12-12T10:00:00+01:00;Austria
AT;Austria;Bad Ischl;47.7166845556,13.6328327518;O3;EEA Austria;µg/m³;18.0;2016-12-12T10:00:00+01:00;Austria
AT;Austria;Tamsweg - Untere Postgasse;47.1258485147,13.8069262539;NO2;EEA Austria;µg/m³;9.0;2016-12-12T10:00:00+01:00;Austria
AT;Austria;Illmitz;47.7700243274,16.7664259574;PM10;EEA Austria;µg/m³;3.0;2016-12-12T10:00:00+01:00;Austria
AT;Austria;Graz Ost Petersgasse;47.0594302338,15.4661145836;NO2;EEA Austria;µg/m³;83.0;2016-12-12T10:00:00+01:00;Austria
AT;Oberösterreich;AT0ZOE2;47.8386110995,14.441388889;SO2;EEA Austria;µg/m³;0.365;2021-11-25T10:00:00+01:00;Austria
AT;Oberösterreich;AT4S406;48.1649999995,14.035556;NO2;EEA Austria;µg/m³;18.71500015;2021-11-25T10:00:00+01:00;Austria
AT;Niederösterreich;AT32401;47.8141666695,16.255;NO2;EEA Austria;µg/m³;16.15885162;2021-11-25T10:00:00+01:00;Austria
AT;Niederösterreich;AT30603;48.0861111105,16.433333333;PM10;EEA Austria;µg/m³;29.0;2021-11-25T10:00:00+01:00;Austria
AT;Oberösterreich;AT4S173;48.2788888884,14.3658333333;PM2.5;EEA Austria;µg/m³;21.88999938;2021-11-25T10:00:00+01:00;Austria
AT;Oberösterreich;AT4S415;48.3233329995,14.2977778;PM2.5;EEA Austria;µg/m³;22.77199935;2021-11-25T10:00:00+01:00;Austria
AT;Steiermark;AT60190;46.6519499995,15.36778;O3;EEA Austria;µg/m³;23.943;2021-11-25T10:00:00+01:00;Austria
AT;Kärnten;AT2KA21;46.6255599995,14.31806;PM10;EEA Austria;µg/m³;27.95999908;2021-11-25T10:00:00+01:00;Austria
AT;Steiermark;AT60142;47.375555555,15.0745;CO;EEA Austria;µg/m³;3393.48888;2021-11-25T10:00:00+01:00;Austria
AT;Niederösterreich;AT30902;48.3852769995,16.182222;NO2;EEA Austria;µg/m³;19.50535774;2021-11-25T10:00:00+01:00;Austria
AT;Tirol;AT72550;47.4689166995,11.958036;NO2;EEA Austria;µg/m³;23.31299972;2021-11-25T10:00:00+01:00;Austria
AT;Salzburg;AT52055;47.6502777995,13.232778;O3;EEA Austria;µg/m³;63.255;2021-11-25T10:00:00+01:00;Austria
AT;Niederösterreich;AT32301;48.2124999995,15.634167;PM10;EEA Austria;µg/m³;31.5;2021-11-25T10:00:00+01:00;Austria
AT;Wien;AT9STAD;48.2263608328,16.458345;NO2;EEA Austria;µg/m³;9.61480045;2021-11-25T10:00:00+01:00;Austria
AT;Steiermark;AT60185;46.7674999995,15.956111;SO2;EEA Austria;µg/m³;1.91980147;2021-11-25T10:00:00+01:00;Austria
AT;Tirol;AT72223;47.2395527995,11.390653;NO2;EEA Austria;µg/m³;59.060997;2021-11-25T10:00:00+01:00;Austria
AT;Burgenland;AT0ILL1;47.7702799995,16.76639;SO2;EEA Austria;µg/m³;3.67466783;2021-11-25T10:00:00+01:00;Austria
AT;Tirol;AT72530;47.4885582995,12.066633;O3;EEA Austria;µg/m³;5.554;2021-11-25T10:00:00+01:00;Austria
AT;Niederösterreich;AT31701;48.3702779995,15.543611;O3;EEA Austria;µg/m³;33.723;2021-11-25T10:00:00+01:00;Austria
AT;Amt der Salzburger Landesregierung;Zederhaus A10;47.1540699995,13.50508;NO2;EEA Austria;µg/m³;15.87200737;2017-07-20T21:00:00+02:00;Austria
AT;Amt der Nieder�sterreichischen Landesregierung;Mannsw�rth bei Schwechat, Danubiastra�e/A4;48.1449999995,16.51111;PM10;EEA Austria;µg/m³;30.0;2017-07-20T21:00:00+02:00;Austria
AT;Austria;Vomp A12 Inntalautobahn;47.3491401391,11.6931005588;NO2;EEA Austria;µg/m³;86.0;2016-12-12T10:00:00+01:00;Austria
AT;Austria;Spittal a.d.Drau Oktoberstrasse;46.8016611483,13.4955701764;PM10;EEA Austria;µg/m³;26.0;2016-12-12T10:00:00+01:00;Austria
AT;Austria;Wien AKH;48.2191420188,16.3458347414;PM10;EEA Austria;µg/m³;10.0;2016-12-12T10:00:00+01:00;Austria
AT;Austria;Tulln Leopoldgasse;48.3313633254,16.0594518288;SO2;EEA Austria;µg/m³;3.0;2016-12-12T10:00:00+01:00;Austria
AT;Austria;Fürstenfeld;47.0469446299,16.0789452705;NO2;EEA Austria;µg/m³;53.0;2016-12-12T10:00:00+01:00;Austria
AT;Austria;Hainburg;48.1439111305,16.9610908795;PM10;EEA Austria;µg/m³;7.0;2016-12-12T10:00:00+01:00;Austria
AT;Austria;St. Koloman Kleinhorn;47.6505835144,13.2333519449;O3;EEA Austria;µg/m³;69.0;2016-12-12T09:00:00+01:00;Austria
AT;Steiermark;AT0KLH1;46.7527527862,15.9566845603;NO2;EEA Austria;µg/m³;11.9422512;2021-11-25T10:00:00+01:00;Austria
AT;Oberösterreich;AT4S108;48.5311111095,14.5747222222;O3;EEA Austria;µg/m³;55.873;2021-11-25T10:00:00+01:00;Austria
AT;Steiermark;AT60180;47.4094429995,15.253333;SO2;EEA Austria;µg/m³;2.99498939;2021-11-25T10:00:00+01:00;Austria
AT;Steiermark;AT60180;47.4094429995,15.253333;PM10;EEA Austria;µg/m³;33.82774353;2021-11-25T10:00:00+01:00;Austria
AT;Kärnten;AT2SP18;46.8013888884,13.4938888889;NO2;EEA Austria;µg/m³;21.48999977;2021-11-25T10:00:00+01:00;Austria
AT;Kärnten;AT2WO35;46.7083329995,14.891667;O3;EEA Austria;µg/m³;8.965;2021-11-25T10:00:00+01:00;Austria
AT;Kärnten;AT2F202;46.8419999995,14.529;SO2;EEA Austria;µg/m³;0.45000001;2021-11-25T10:00:00+01:00;Austria
AT;Steiermark;AT60135;47.113055555,15.3391666667;SO2;EEA Austria;µg/m³;2.06841135;2021-11-25T10:00:00+01:00;Austria
AT;Salzburg;AT51200;47.8172222217,13.0308333333;O3;EEA Austria;µg/m³;12.172;2021-11-25T10:00:00+01:00;Austria
AT;Salzburg;AT51200;47.8172222217,13.0308333333;PM10;EEA Austria;µg/m³;20.02000045;2021-11-25T10:00:00+01:00;Austria
AT;Niederösterreich;AT31204;48.2133333328,15.1972222222;NO2;EEA Austria;µg/m³;23.32993698;2021-11-25T10:00:00+01:00;Austria
AT;Niederösterreich;AT30065;48.1958349995,16.143612;NO2;EEA Austria;µg/m³;33.08261489;2021-11-25T10:00:00+01:00;Austria
AT;Niederösterreich;AT31901;48.3294449995,16.0625;SO2;EEA Austria;µg/m³;3.5999999;2021-11-25T10:00:00+01:00;Austria
AT;Wien;AT9SCHA;48.2353699995,16.301563;PM10;EEA Austria;µg/m³;29.98049926;2021-11-25T10:00:00+01:00;Austria
AT;Steiermark;AT60106;47.0633299995,15.086667;NO2;EEA Austria;µg/m³;33.08716583;2021-11-25T09:00:00+01:00;Austria
AT;Austria;Krems;48.4094197901,15.6202654864;O3;EEA Austria;µg/m³;41.0;2016-12-12T10:00:00+01:00;Austria
AT;Austria;Wien Stadlau;48.2280593769,16.4605496031;PM10;EEA Austria;µg/m³;9.0;2016-12-12T10:00:00+01:00;Austria
AT;Austria;Knittelfeld Parkstraße;47.2102499891,14.8244479762;NO2;EEA Austria;µg/m³;60.0;2016-12-12T10:00:00+01:00;Austria
AT;Austria;Lienz Amlacherkreuzung;46.8280347551,12.7655991765;NO2;EEA Austria;µg/m³;108.0;2016-12-12T10:00:00+01:00;Austria
AT;Austria;Innsbruck Reichenau;47.2716650145,11.4177669242;PM10;EEA Austria;µg/m³;53.0;2016-12-12T10:00:00+01:00;Austria
AT;Austria;Bockberg;46.8730674222,15.4950403358;NO2;EEA Austria;µg/m³;9.0;2016-12-12T10:00:00+01:00;Austria
AT;Austria;Steyr;48.0508581903,14.4405978553;NO2;EEA Austria;µg/m³;11.0;2016-12-12T10:00:00+01:00;Austria
AT;Austria;Klein St. Paul - Pemberg;46.8419233416,14.5289022477;SO2;EEA Austria;µg/m³;1.0;2016-12-12T10:00:00+01:00;Austria
AT;Austria;Klagenfurt Kreuzbergl;46.6297014767,14.2891418984;O3;EEA Austria;µg/m³;5.0;2016-12-12T10:00:00+01:00;Austria
AT;Salzburg;AT51000;47.7974999995,13.0536111111;NO2;EEA Austria;µg/m³;29.92733764;2021-11-25T10:00:00+01:00;Austria
AT;Tirol;AT72110;47.2626193995,11.3923611;CO;EEA Austria;µg/m³;424.57598;2021-11-25T10:00:00+01:00;Austria
AT;Steiermark;AT60172;47.0692399995,15.431945;CO;EEA Austria;µg/m³;464.81949;2021-11-25T10:00:00+01:00;Austria
AT;Steiermark;AT60164;47.0556109995,15.416603;CO;EEA Austria;µg/m³;493.4895;2021-11-25T10:00:00+01:00;Austria
AT;Steiermark;AT60170;47.0416679995,15.433056;CO;EEA Austria;µg/m³;462.41647;2021-11-25T10:00:00+01:00;Austria
AT;Niederösterreich;AT30101;48.1202777795,14.878333;NO2;EEA Austria;µg/m³;14.15094566;2021-11-25T10:00:00+01:00;Austria
AT;Salzburg;AT55032;47.1258333328,13.8083333333;O3;EEA Austria;µg/m³;14.866;2021-11-25T10:00:00+01:00;Austria
AT;Niederösterreich;AT30302;48.0502779995,16.675278;PM10;EEA Austria;µg/m³;28.5;2021-11-25T10:00:00+01:00;Austria
AT;Wien;AT90FLO;48.2610859995,16.396954;NO2;EEA Austria;µg/m³;21.52281951;2021-11-25T10:00:00+01:00;Austria
AT;Niederösterreich;AT31703;48.3533333295,15.74694444;NO2;EEA Austria;µg/m³;35.09052276;2020-12-30T19:00:00+01:00;Austria
AT;Austria;St. Georgen im Lavanttal - Herzogberg;46.7080504923,14.891911454;PM10;EEA Austria;µg/m³;22.0;2016-12-12T10:00:00+01:00;Austria
AT;Austria;Wien Liesing;48.1380365608,16.2966968953;NO2;EEA Austria;µg/m³;12.0;2016-12-12T10:00:00+01:00;Austria
AT;Austria;Wien Belgradplatz;48.1750111647,16.3630823948;PM10;EEA Austria;µg/m³;10.0;2016-12-12T10:00:00+01:00;Austria
AT;Austria;Haunsberg;47.9727944888,13.0158698147;NO2;EEA Austria;µg/m³;9.0;2016-12-12T10:00:00+01:00;Austria
AT;Austria;Graz Süd Tiergartenweg;47.0419250831,15.4341345595;SO2;EEA Austria;µg/m³;5.0;2016-12-12T10:00:00+01:00;Austria
AT;Austria;Brixlegg Innweg;47.430816498,11.8727636156;PM10;EEA Austria;µg/m³;19.0;2016-12-12T10:00:00+01:00;Austria
AT;Austria;Graz Lustbühel;47.0669569059,15.4936030313;O3;EEA Austria;µg/m³;27.0;2016-12-12T10:00:00+01:00;Austria
AT;Austria;Peggau;47.2058561181,15.346997977;PM10;EEA Austria;µg/m³;16.0;2016-12-12T10:00:00+01:00;Austria
AT;Austria;Hainburg;48.1439111305,16.9610908795;SO2;EEA Austria;µg/m³;1.0;2016-12-12T10:00:00+01:00;Austria
AT;Austria;Arnoldstein Gailitz Waldsiedlungsstraße;46.558898771,13.7049674691;SO2;EEA Austria;µg/m³;2.0;2016-12-12T10:00:00+01:00;Austria
AT;Oberösterreich;AT4S404;48.2252777995,14.23888889;O3;EEA Austria;µg/m³;23.763;2021-11-25T10:00:00+01:00;Austria
AT;Oberösterreich;AT4S406;48.1649999995,14.035556;PM10;EEA Austria;µg/m³;25.67899894;2021-11-25T10:00:00+01:00;Austria
AT;Oberösterreich;AT4S217;48.2094444439,14.4369444444;PM10;EEA Austria;µg/m³;30.05949974;2021-11-25T10:00:00+01:00;Austria
AT;Oberösterreich;AT4S108;48.5311111095,14.5747222222;SO2;EEA Austria;µg/m³;1.35500001;2021-11-25T10:00:00+01:00;Austria
AT;Kärnten;AT0VOR1;46.6786111106,12.9744444444;O3;EEA Austria;µg/m³;36.457;2021-11-25T10:00:00+01:00;Austria
AT;Salzburg;AT54057;47.3513869995,13.205556;NO2;EEA Austria;µg/m³;35.9510498;2021-11-25T10:00:00+01:00;Austria
AT;Niederösterreich;AT30101;48.1202777795,14.878333;O3;EEA Austria;µg/m³;23.845;2021-11-25T10:00:00+01:00;Austria
AT;Kärnten;AT2VI12;46.6124999995,13.841389;PM10;EEA Austria;µg/m³;19.039999;2021-11-25T10:00:00+01:00;Austria
AT;Oberösterreich;AT4S156;48.2577777772,13.0397222222;O3;EEA Austria;µg/m³;26.854;2021-11-25T09:00:00+01:00;Austria
AT;Salzburg;AT51066;47.8055555995,13.043333;CO;EEA Austria;µg/m³;273.54002;2021-11-25T10:00:00+01:00;Austria
AT;Wien;AT90AKC;48.2195169995,16.345552;NO2;EEA Austria;µg/m³;19.52830123;2021-11-25T10:00:00+01:00;Austria
AT;Wien;AT9SCHA;48.2353699995,16.301563;PM2.5;EEA Austria;µg/m³;24.39350128;2021-11-25T10:00:00+01:00;Austria
AT;Tirol;AT72106;47.2712899995,11.4169445;NO2;EEA Austria;µg/m³;65.40449523;2021-11-25T10:00:00+01:00;Austria
AT;Tirol;AT72910;46.8277319995,12.765622;NO2;EEA Austria;µg/m³;58.67799758;2021-11-25T10:00:00+01:00;Austria
AT;Niederösterreich;AT31701;48.3702779995,15.543611;NO2;EEA Austria;µg/m³;13.00357246;2021-11-25T10:00:00+01:00;Austria
AT;Niederösterreich;AT30801;48.7244443995,15.5002778;SO2;EEA Austria;µg/m³;2.25;2021-11-25T09:00:00+01:00;Austria
AT;Austria;Wien Stephansplatz;48.2089060893,16.3738621782;SO2;EEA Austria;µg/m³;3.0;2016-12-12T10:00:00+01:00;Austria
AT;Austria;Salzburg Lehen Martinstraße;47.8180618127,13.0299733646;PM10;EEA Austria;µg/m³;12.0;2016-12-12T10:00:00+01:00;Austria
AT;Austria;Hallein B159;47.6830699731,13.1019284189;SO2;EEA Austria;µg/m³;5.0;2016-12-12T10:00:00+01:00;Austria
AT;Austria;Leoben Zentrum;47.3830302082,15.0899899742;PM10;EEA Austria;µg/m³;16.0;2016-12-12T10:00:00+01:00;Austria
AT;Austria;Lienz Tristacher See Straße;46.8191835181,12.7658686711;O3;EEA Austria;µg/m³;48.0;2016-12-12T10:00:00+01:00;Austria
AT;Austria;Wien Hermannskogel;48.2711280763,16.2989426835;NO2;EEA Austria;µg/m³;10.0;2016-12-12T10:00:00+01:00;Austria
AT;Austria;Wien Gaudenzdorf;48.1877693063,16.3405346812;NO2;EEA Austria;µg/m³;18.0;2016-12-12T10:00:00+01:00;Austria
AT;Austria;Innsbruck Zentrum Fallmerayerstr.;47.2630699774,11.3930632539;SO2;EEA Austria;µg/m³;8.0;2016-12-12T10:00:00+01:00;Austria
AT;Austria;Klein St. Paul - Pemberg;46.8419233416,14.5289022477;O3;EEA Austria;µg/m³;68.0;2016-12-12T10:00:00+01:00;Austria
AT;Austria;Klagenfurt Völkermarkterstrasse;46.6200155505,14.3169896722;CO;EEA Austria;µg/m³;893.0;2016-12-12T10:00:00+01:00;Austria
AT;Austria;Kematen;48.0449729792,14.7722558582;NO2;EEA Austria;µg/m³;10.0;2016-12-12T10:00:00+01:00;Austria
AT;Austria;Judenburg;47.1794241894,14.6774835957;NO2;EEA Austria;µg/m³;18.0;2016-12-12T10:00:00+01:00;Austria
AT;Niederösterreich;AT31413;48.0838888884,16.3302777778;PM2.5;EEA Austria;µg/m³;24.0;2021-11-25T08:00:00+01:00;Austria
AT;Niederösterreich;AT30603;48.0861111105,16.433333333;O3;EEA Austria;µg/m³;40.108;2021-11-25T10:00:00+01:00;Austria
AT;Burgenland;AT10001;47.8399999995,16.52806;CO;EEA Austria;µg/m³;253.09997;2021-11-25T10:00:00+01:00;Austria
AT;Niederösterreich;AT31402;48.1249999995,16.331388;CO;EEA Austria;µg/m³;279.35999;2021-11-25T10:00:00+01:00;Austria
AT;Steiermark;AT60151;46.8713888884,15.4958333333;O3;EEA Austria;µg/m³;4.783;2021-11-25T10:00:00+01:00;Austria
AT;Wien;AT9STEF;48.2081499995,16.3732536111;SO2;EEA Austria;µg/m³;1.1513915;2021-11-25T10:00:00+01:00;Austria
AT;Kärnten;AT2F202;46.8419999995,14.529;NO2;EEA Austria;µg/m³;17.38500022;2021-11-25T10:00:00+01:00;Austria
AT;Steiermark;AT60198;47.0472219995,16.078888;NO2;EEA Austria;µg/m³;13.42834949;2021-11-25T10:00:00+01:00;Austria
AT;Kärnten;AT2WO15;46.8349999995,14.8436111111;O3;EEA Austria;µg/m³;4.615;2021-11-25T10:00:00+01:00;Austria
AT;Wien;AT90FLO;48.2610859995,16.396954;PM2.5;EEA Austria;µg/m³;25.11050033;2021-11-25T10:00:00+01:00;Austria
AT;Wien;AT90AKC;48.2195169995,16.345552;PM10;EEA Austria;µg/m³;44.92199707;2021-11-25T10:00:00+01:00;Austria
AT;Oberösterreich;AT4S407;48.0008333328,13.6675;PM10;EEA Austria;µg/m³;18.20349884;2021-11-25T10:00:00+01:00;Austria
AT;Gemeinde Wien, MA22 Umweltschutz;Rinnb�ckstra�e - A23;48.1841441661,16.4065972222;CO;EEA Austria;µg/m³;0.0;2017-03-29T18:00:00+02:00;Austria
AT;Austria;Bad Vöslau - Gainfarn;47.9599829273,16.2069551984;O3;EEA Austria;µg/m³;51.0;2016-12-12T09:00:00+01:00;Austria
AT;Austria;Graz Mitte Gries;47.0691596333,15.4317091082;CO;EEA Austria;µg/m³;794.0;2016-12-12T10:00:00+01:00;Austria
AT;Austria;Wien Stadlau;48.2280593769,16.4605496031;NO2;EEA Austria;µg/m³;24.0;2016-12-12T10:00:00+01:00;Austria
AT;Austria;Graz Don Bosco;47.0555746975,15.4177852213;PM10;EEA Austria;µg/m³;41.0;2016-12-12T10:00:00+01:00;Austria
AT;Austria;Vorhegg bei Kötschach-Mauthen;46.6797075496,12.9719421973;SO2;EEA Austria;µg/m³;0.0;2016-12-12T10:00:00+01:00;Austria
AT;Austria;Graz Ost Petersgasse;47.0594302338,15.4661145836;PM10;EEA Austria;µg/m³;51.0;2016-12-12T10:00:00+01:00;Austria
AT;Austria;Eisenstadt Laschoberstraße;47.840013907,16.5266656081;NO2;EEA Austria;µg/m³;20.0;2016-12-12T09:00:00+01:00;Austria
AT;Oberösterreich;AT4S404;48.2252777995,14.23888889;PM2.5;EEA Austria;µg/m³;21.31150054;2021-11-25T10:00:00+01:00;Austria
AT;Oberösterreich;AT4S217;48.2094444439,14.4369444444;PM2.5;EEA Austria;µg/m³;21.25049972;2021-11-25T10:00:00+01:00;Austria
AT;Steiermark;AT60178;47.2157029995,15.628392;O3;EEA Austria;µg/m³;10.308;2021-11-25T10:00:00+01:00;Austria
AT;Niederösterreich;AT31301;48.5786110995,16.5805556;PM10;EEA Austria;µg/m³;25.5;2021-11-25T10:00:00+01:00;Austria
AT;Salzburg;AT56072;47.3266399995,12.795124;O3;EEA Austria;µg/m³;17.161;2021-11-25T10:00:00+01:00;Austria
AT;Steiermark;AT60170;47.0416679995,15.433056;NO2;EEA Austria;µg/m³;35.93342971;2021-11-25T10:00:00+01:00;Austria
AT;Steiermark;AT60170;47.0416679995,15.433056;O3;EEA Austria;µg/m³;6.131;2021-11-25T10:00:00+01:00;Austria
AT;Steiermark;AT60119;47.2103699995,14.8252777778;NO2;EEA Austria;µg/m³;30.20467758;2021-11-25T10:00:00+01:00;Austria
AT;Steiermark;AT60145;47.4458333328,15.29032;PM10;EEA Austria;µg/m³;37.42861175;2021-11-25T10:00:00+01:00;Austria
AT;Kärnten;AT2WO15;46.8349999995,14.8436111111;NO2;EEA Austria;µg/m³;25.0;2021-11-25T10:00:00+01:00;Austria
AT;Vorarlberg;AT80709;47.4596877772,9.64055333333;NO2;EEA Austria;µg/m³;26.90699768;2021-11-25T10:00:00+01:00;Austria
AT;Salzburg;AT52000;47.6830555995,13.1;CO;EEA Austria;µg/m³;430.68;2021-11-25T10:00:00+01:00;Austria
AT;Niederösterreich;AT31703;48.3533333295,15.74694444;SO2;EEA Austria;µg/m³;3.0;2017-07-20T21:00:00+02:00;Austria
AT;Niederösterreich;AT31904;48.2763888884,15.935;NO2;EEA Austria;µg/m³;8.03161811;2020-12-04T10:00:00+01:00;Austria
AT;Austria;Heiterwang;47.447768382,10.7442101242;O3;EEA Austria;µg/m³;10.0;2016-12-12T10:00:00+01:00;Austria
AT;Austria;Krems;48.4094197901,15.6202654864;SO2;EEA Austria;µg/m³;1.0;2016-12-12T10:00:00+01:00;Austria
AT;Austria;Wien Taborstrasse;48.2180646489,16.3819470158;NO2;EEA Austria;µg/m³;20.0;2016-12-12T10:00:00+01:00;Austria
AT;Austria;Wörgl;47.4891833281,12.0675183692;PM10;EEA Austria;µg/m³;22.0;2016-12-12T10:00:00+01:00;Austria
AT;Austria;Wien Floridsdorf Gerichtsgasse;48.26084274,16.396948881;NO2;EEA Austria;µg/m³;21.0;2016-12-12T10:00:00+01:00;Austria
AT;Austria;Hartberg Zentrum;47.2827572544,15.9719559201;SO2;EEA Austria;µg/m³;2.0;2016-12-12T10:00:00+01:00;Austria
AT;Austria;Feldkirch Bärenkreuzung;47.2388622693,9.59670218025;PM10;EEA Austria;µg/m³;41.0;2016-12-12T10:00:00+01:00;Austria
AT;Austria;St. Pölten - Eybnerstraße;48.2114203668,15.6316740905;NO2;EEA Austria;µg/m³;18.0;2016-12-12T10:00:00+01:00;Austria
AT;Austria;Streithofen im Tullnerfeld;48.2766884716,15.9361131403;SO2;EEA Austria;µg/m³;0.0;2016-12-12T10:00:00+01:00;Austria
AT;Austria;Imst Inntalautobahn A12;47.2169621447,10.7355862975;NO2;EEA Austria;µg/m³;89.0;2016-12-12T10:00:00+01:00;Austria
AT;Austria;Judendorf Süd;47.1194304748,15.3552624776;NO2;EEA Austria;µg/m³;83.0;2016-12-12T10:00:00+01:00;Austria
AT;Austria;Voitsberg Mühlgasse;47.0449858386,15.1499974351;NO2;EEA Austria;µg/m³;53.0;2016-12-12T10:00:00+01:00;Austria
AT;Tirol;AT72227;47.2780699995,11.512497;NO2;EEA Austria;µg/m³;59.41899871;2021-11-25T10:00:00+01:00;Austria
AT;Niederösterreich;AT31502;47.6699999995,15.8547222;NO2;EEA Austria;µg/m³;7.6491599;2021-11-25T10:00:00+01:00;Austria
AT;Kärnten;AT2KA71;46.6266166661,14.2991444444;PM10;EEA Austria;µg/m³;21.24499893;2021-11-25T10:00:00+01:00;Austria
AT;Niederösterreich;AT32701;48.1449999995,16.4744444444;PM10;EEA Austria;µg/m³;25.5;2021-11-25T10:00:00+01:00;Austria
AT;Tirol;AT72110;47.2626193995,11.3923611;PM10;EEA Austria;µg/m³;42.85700225;2021-11-25T10:00:00+01:00;Austria
AT;Kärnten;AT2SP18;46.8013888884,13.4938888889;O3;EEA Austria;µg/m³;7.99;2021-11-25T10:00:00+01:00;Austria
AT;Steiermark;AT60107;47.0447222217,15.1527777778;PM2.5;EEA Austria;µg/m³;18.45733642;2021-11-25T10:00:00+01:00;Austria
AT;Wien;AT9STAD;48.2263608328,16.458345;SO2;EEA Austria;µg/m³;2.40793371;2021-11-25T10:00:00+01:00;Austria
AT;Kärnten;AT2F202;46.8419999995,14.529;O3;EEA Austria;µg/m³;134.48;2017-07-20T21:00:00+02:00;Austria
AT;Steiermark;AT60135;47.113055555,15.3391666667;NO2;EEA Austria;µg/m³;26.98596382;2021-11-25T10:00:00+01:00;Austria
AT;Wien;AT9GAUD;48.1871469439,16.3393311111;PM10;EEA Austria;µg/m³;31.20450019;2021-11-25T10:00:00+01:00;Austria
AT;Salzburg;AT51066;47.8055555995,13.043333;PM10;EEA Austria;µg/m³;21.98999977;2021-11-25T10:00:00+01:00;Austria
AT;Niederösterreich;AT31901;48.3294449995,16.0625;NO2;EEA Austria;µg/m³;24.19046783;2021-11-25T10:00:00+01:00;Austria
AT;Burgenland;AT0ILL1;47.7702799995,16.76639;PM10;EEA Austria;µg/m³;27.29499816;2021-11-25T10:00:00+01:00;Austria
AT;Kärnten;AT2SP10;46.9349999995,13.195833;O3;EEA Austria;µg/m³;20.145;2021-11-25T10:00:00+01:00;Austria
AT;Wien;AT900KE;48.1567079995,16.476051;SO2;EEA Austria;µg/m³;10.18554496;2021-11-25T10:00:00+01:00;Austria
AT;Vorarlberg;AT82801;47.1288639995,10.034324;NO2;EEA Austria;µg/m³;49.41500091;2021-11-25T10:00:00+01:00;Austria
AT;Niederösterreich;AT30801;48.7244443995,15.5002778;O3;EEA Austria;µg/m³;37.714;2021-11-25T09:00:00+01:00;Austria
AT;Amt der Steierm�rkischen Landesregierung;Liezen Alte Gasse 8;47.5672222217,14.2436111111;PM10;EEA Austria;µg/m³;0.0;2017-07-20T21:00:00+02:00;Austria
AT;Austria;Pöchlarn;48.2130366229,15.2072201187;O3;EEA Austria;µg/m³;54.0;2016-12-11T19:00:00+01:00;Austria
AT;Austria;Wolfsberg Hauptschule;46.8352867658,14.8442109124;PM10;EEA Austria;µg/m³;39.0;2016-12-12T10:00:00+01:00;Austria
AT;Austria;Wien Taborstrasse;48.2180646489,16.3819470158;PM10;EEA Austria;µg/m³;11.0;2016-12-12T10:00:00+01:00;Austria
AT;Austria;Gänserndorf;48.3347076441,16.7305831776;NO2;EEA Austria;µg/m³;15.0;2016-12-12T10:00:00+01:00;Austria
AT;Austria;Wörgl;47.4891833281,12.0675183692;O3;EEA Austria;µg/m³;1.0;2016-12-12T10:00:00+01:00;Austria
AT;Austria;Köflach;47.0616944664,15.0792101908;PM10;EEA Austria;µg/m³;54.0;2016-12-12T10:00:00+01:00;Austria
AT;Austria;Köflach;47.0616944664,15.0792101908;SO2;EEA Austria;µg/m³;2.0;2016-12-12T10:00:00+01:00;Austria
AT;Austria;Wien Floridsdorf Gerichtsgasse;48.26084274,16.396948881;PM10;EEA Austria;µg/m³;8.0;2016-12-12T10:00:00+01:00;Austria
AT;Austria;Bludenz Herrengasse;47.1560945598,9.82720988215;O3;EEA Austria;µg/m³;5.0;2016-12-12T10:00:00+01:00;Austria
AT;Austria;Linz Römerberg;48.3030472699,14.2830333544;NO2;EEA Austria;µg/m³;37.0;2016-12-12T10:00:00+01:00;Austria
AT;Austria;St. Pölten - Europaplatz;48.2099836519,15.6111026705;PM10;EEA Austria;µg/m³;9.0;2016-12-12T10:00:00+01:00;Austria
AT;Austria;Judenburg;47.1794241894,14.6774835957;O3;EEA Austria;µg/m³;53.0;2016-12-12T10:00:00+01:00;Austria
AT;Austria;Fürstenfeld;47.0469446299,16.0789452705;O3;EEA Austria;µg/m³;18.0;2016-12-12T10:00:00+01:00;Austria
AT;Austria;Hainburg;48.1439111305,16.9610908795;NO2;EEA Austria;µg/m³;17.0;2016-12-12T10:00:00+01:00;Austria
AT;Austria;Eisenstadt Laschoberstraße;47.840013907,16.5266656081;O3;EEA Austria;µg/m³;44.0;2016-12-12T09:00:00+01:00;Austria
AT;Steiermark;AT0KLH1;46.7527527862,15.9566845603;PM10;EEA Austria;µg/m³;22.17499923;2021-11-25T10:00:00+01:00;Austria
AT;Oberösterreich;AT4S415;48.3233329995,14.2977778;PM10;EEA Austria;µg/m³;33.46350097;2021-11-25T10:00:00+01:00;Austria
AT;Niederösterreich;AT32501;48.4086099995,15.619166;NO2;EEA Austria;µg/m³;27.34574699;2021-11-25T10:00:00+01:00;Austria
AT;Vorarlberg;AT82708;47.1564829995,9.822944;O3;EEA Austria;µg/m³;2.093;2021-11-25T10:00:00+01:00;Austria
AT;Wien;AT9STEF;48.2081499995,16.3732536111;O3;EEA Austria;µg/m³;41.969;2021-11-25T10:00:00+01:00;Austria
AT;Niederösterreich;AT30601;48.3022229995,16.320833;NO2;EEA Austria;µg/m³;13.86410236;2021-11-25T10:00:00+01:00;Austria
AT;Niederösterreich;AT30302;48.0502779995,16.675278;SO2;EEA Austria;µg/m³;3.6999998;2021-11-25T10:00:00+01:00;Austria
AT;Niederösterreich;AT30401;48.3347199995,16.729445;O3;EEA Austria;µg/m³;29.034;2021-11-25T10:00:00+01:00;Austria
AT;Niederösterreich;AT30401;48.3347199995,16.729445;SO2;EEA Austria;µg/m³;5.85000038;2021-11-25T10:00:00+01:00;Austria
AT;Steiermark;AT60145;47.4458333328,15.29032;NO2;EEA Austria;µg/m³;34.87999725;2021-11-25T10:00:00+01:00;Austria
AT;Tirol;AT72710;47.4475971995,10.7441167;O3;EEA Austria;µg/m³;12.112;2021-11-25T10:00:00+01:00;Austria
AT;Steiermark;AT60179;47.2828599995,15.971852;O3;EEA Austria;µg/m³;9.286;2021-11-25T10:00:00+01:00;Austria
AT;Burgenland;AT10002;47.3394099995,16.20808;NO2;EEA Austria;µg/m³;14.18830013;2021-11-25T10:00:00+01:00;Austria
AT;Steiermark;AT60143;47.3824999995,15.0891666667;PM10;EEA Austria;µg/m³;36.76680755;2021-11-25T10:00:00+01:00;Austria
AT;Oberösterreich;AT4S125;47.7161111106,13.6322222222;PM2.5;EEA Austria;µg/m³;6.71049976;2021-11-25T10:00:00+01:00;Austria
AT;Oberösterreich;AT4S407;48.0008333328,13.6675;NO2;EEA Austria;µg/m³;14.92500019;2021-11-25T10:00:00+01:00;Austria
AT;Steiermark;AT60136;47.1202777772,15.3511111111;PM10;EEA Austria;µg/m³;32.13611221;2021-11-25T10:00:00+01:00;Austria
AT;Amt der Salzburger Landesregierung;Zederhaus A10;47.1540699995,13.50508;O3;EEA Austria;µg/m³;84.606;2017-07-20T21:00:00+02:00;Austria
AT;Austria;St. Georgen im Lavanttal - Herzogberg;46.7080504923,14.891911454;O3;EEA Austria;µg/m³;11.0;2016-12-12T10:00:00+01:00;Austria
AT;Austria;Vösendorf;48.1250261927,16.3316413599;NO2;EEA Austria;µg/m³;19.0;2016-12-12T10:00:00+01:00;Austria
AT;Austria;Stockerau West;48.3883062254,16.2145010468;PM10;EEA Austria;µg/m³;11.0;2016-12-12T10:00:00+01:00;Austria
AT;Austria;Knittelfeld Parkstraße;47.2102499891,14.8244479762;SO2;EEA Austria;µg/m³;2.0;2016-12-12T10:00:00+01:00;Austria
AT;Austria;Wien Hietzinger Kai;48.1889072022,16.3019969555;NO2;EEA Austria;µg/m³;28.0;2016-12-12T10:00:00+01:00;Austria
AT;Austria;Graz Nord;47.0955241068,15.4141919602;PM10;EEA Austria;µg/m³;47.0;2016-12-12T10:00:00+01:00;Austria
AT;Austria;Oberschützen;47.3041428648,16.1930313115;PM10;EEA Austria;µg/m³;12.0;2016-12-12T10:00:00+01:00;Austria
AT;Austria;Innsbruck Zentrum Fallmerayerstr.;47.2630699774,11.3930632539;PM10;EEA Austria;µg/m³;43.0;2016-12-12T10:00:00+01:00;Austria
AT;Austria;Bockberg;46.8730674222,15.4950403358;SO2;EEA Austria;µg/m³;2.0;2016-12-12T10:00:00+01:00;Austria
AT;Austria;Stixneusiedl;48.0508581903,16.6766842605;SO2;EEA Austria;µg/m³;2.0;2016-12-12T10:00:00+01:00;Austria
AT;Austria;Straßengel Kirche;47.1125225764,15.3399911177;NO2;EEA Austria;µg/m³;16.0;2016-12-12T10:00:00+01:00;Austria
AT;Austria;Amstetten;48.1202888808,14.879155377;NO2;EEA Austria;µg/m³;16.0;2016-12-12T10:00:00+01:00;Austria
AT;Austria;Klagenfurt Völkermarkterstrasse;46.6200155505,14.3169896722;NO2;EEA Austria;µg/m³;55.0;2016-12-12T10:00:00+01:00;Austria
AT;Austria;Tamsweg - Untere Postgasse;47.1258485147,13.8069262539;PM10;EEA Austria;µg/m³;2.0;2016-12-12T10:00:00+01:00;Austria
AT;Austria;Illmitz;47.7700243274,16.7664259574;NO2;EEA Austria;µg/m³;7.0;2016-12-12T10:00:00+01:00;Austria
AT;Austria;Salzburg Mirabellplatz;47.8061169392,13.0461430397;NO2;EEA Austria;µg/m³;31.0;2016-12-12T10:00:00+01:00;Austria
AT;Oberösterreich;AT0ZOE2;47.8386110995,14.441388889;O3;EEA Austria;µg/m³;45.336;2021-11-25T10:00:00+01:00;Austria
AT;Oberösterreich;AT4S406;48.1649999995,14.035556;CO;EEA Austria;µg/m³;269.93501;2021-11-25T10:00:00+01:00;Austria
AT;Steiermark;AT60194;47.6047222217,15.6730555556;O3;EEA Austria;µg/m³;1.377;2021-11-25T07:00:00+01:00;Austria
AT;Steiermark;AT60177;47.5654389995,14.244676;PM10;EEA Austria;µg/m³;41.6532936;2021-11-25T10:00:00+01:00;Austria
AT;Niederösterreich;AT31413;48.0838888884,16.3302777778;NO2;EEA Austria;µg/m³;17.68868255;2021-11-25T10:00:00+01:00;Austria
AT;Salzburg;AT51000;47.7974999995,13.0536111111;PM10;EEA Austria;µg/m³;25.65999984;2021-11-25T10:00:00+01:00;Austria
AT;Salzburg;AT51000;47.7974999995,13.0536111111;CO;EEA Austria;µg/m³;378.30001;2021-11-25T10:00:00+01:00;Austria
AT;Niederösterreich;AT31301;48.5786110995,16.5805556;SO2;EEA Austria;µg/m³;6.5;2021-11-25T10:00:00+01:00;Austria
AT;Oberösterreich;AT4S431;48.3027777772,14.2827777778;PM2.5;EEA Austria;µg/m³;21.19200134;2021-11-25T10:00:00+01:00;Austria
AT;Steiermark;AT60189;47.3602777772,13.6394444444;O3;EEA Austria;µg/m³;88.375;2021-11-25T10:00:00+01:00;Austria
AT;Niederösterreich;AT30301;48.1436119995,16.959444;NO2;EEA Austria;µg/m³;9.56145;2021-11-25T10:00:00+01:00;Austria
AT;Wien;AT90LOB;48.1620694439,16.5256138889;NO2;EEA Austria;µg/m³;7.20110845;2021-11-25T10:00:00+01:00;Austria
AT;Niederösterreich;AT30104;48.1783333328,14.5486111111;O3;EEA Austria;µg/m³;11.274;2021-11-25T10:00:00+01:00;Austria
AT;Kärnten;AT2SP10;46.9349999995,13.195833;NO2;EEA Austria;µg/m³;24.97000122;2021-11-25T09:00:00+01:00;Austria
AT;Steiermark;AT60138;47.0943611106,15.4151111111;SO2;EEA Austria;µg/m³;0.202596;2021-11-25T10:00:00+01:00;Austria
AT;Wien;AT900ZA;48.2489929995,16.357079;O3;EEA Austria;µg/m³;41.029;2021-11-25T10:00:00+01:00;Austria
AT;Tirol;AT72705;47.4698369995,10.682283;O3;EEA Austria;µg/m³;23.811;2021-11-25T10:00:00+01:00;Austria
AT;Wien;AT900KE;48.1567079995,16.476051;PM2.5;EEA Austria;µg/m³;22.01799964;2021-11-25T10:00:00+01:00;Austria
AT;Tirol;AT72113;47.2699027995,11.3746611;O3;EEA Austria;µg/m³;15.423;2021-11-25T10:00:00+01:00;Austria
AT;Tirol;AT72910;46.8277319995,12.765622;PM10;EEA Austria;µg/m³;58.44999694;2021-11-25T10:00:00+01:00;Austria
AT;Niederösterreich;AT32604;48.0451111106,14.7722777778;NO2;EEA Austria;µg/m³;11.09128189;2021-11-25T09:00:00+01:00;Austria
AT;Niederösterreich;AT30407;48.2366666661,16.6369444444;SO2;EEA Austria;µg/m³;5.55000019;2021-11-25T08:00:00+01:00;Austria
AT;Amt der K�rntner Landesregierung;Klagenfurt A2 Nordumfahrung 2;46.6530555551,14.2661111111;NO2;EEA Austria;µg/m³;0.0;2017-06-30T14:00:00+02:00;Austria
AT;Amt der K�rntner Landesregierung;Klagenfurt A2 Nordumfahrung;46.6527679756,14.2689298045;NO2;EEA Austria;µg/m³;0.0;2017-02-24T11:00:00+01:00;Austria
AT;Austria;Wien Hohe Warte - Zentralanstalt für Meteorologie und Geodyn;48.2491795354,16.3577823346;NO2;EEA Austria;µg/m³;12.0;2016-12-12T10:00:00+01:00;Austria
AT;Austria;Wien Stephansplatz;48.2089060893,16.3738621782;NO2;EEA Austria;µg/m³;19.0;2016-12-12T09:00:00+01:00;Austria
AT;Austria;Sonnblick;47.0544730645,12.9583776365;CO;EEA Austria;µg/m³;155.0;2016-12-12T10:00:00+01:00;Austria
AT;Austria;Wien Schafberg;48.2358383532,16.3030749338;SO2;EEA Austria;µg/m³;4.0;2016-12-12T10:00:00+01:00;Austria
AT;Austria;Graz Nord;47.0955241068,15.4141919602;SO2;EEA Austria;µg/m³;3.0;2016-12-12T10:00:00+01:00;Austria
AT;Austria;Kapfenberg;47.445581349,15.2903142825;PM10;EEA Austria;µg/m³;7.0;2016-12-12T10:00:00+01:00;Austria
AT;Austria;Graz Süd Tiergartenweg;47.0419250831,15.4341345595;PM10;EEA Austria;µg/m³;58.0;2016-12-12T10:00:00+01:00;Austria
AT;Austria;Streithofen im Tullnerfeld;48.2766884716,15.9361131403;PM10;EEA Austria;µg/m³;8.0;2016-12-12T10:00:00+01:00;Austria
AT;Austria;Zederhaus A10;47.1541397801,13.5050024869;PM10;EEA Austria;µg/m³;9.0;2016-12-12T10:00:00+01:00;Austria
AT;Niederösterreich;AT30202;48.1061110995,15.919444444;O3;EEA Austria;µg/m³;49.586;2021-11-25T10:00:00+01:00;Austria
AT;Niederösterreich;AT31502;47.6699999995,15.8547222;O3;EEA Austria;µg/m³;49.986;2021-11-25T10:00:00+01:00;Austria
AT;Oberösterreich;AT4S173;48.2788888884,14.3658333333;NO2;EEA Austria;µg/m³;12.69499969;2021-11-25T10:00:00+01:00;Austria
AT;Oberösterreich;AT0ENK1;48.3917199995,13.67114;O3;EEA Austria;µg/m³;24.993;2021-11-25T10:00:00+01:00;Austria
AT;Niederösterreich;AT32701;48.1449999995,16.4744444444;SO2;EEA Austria;µg/m³;4.65000009;2021-11-25T10:00:00+01:00;Austria
AT;Niederösterreich;AT0PIL1;48.7211111095,15.94222222;NO2;EEA Austria;µg/m³;12.9653263;2021-11-25T10:00:00+01:00;Austria
AT;Niederösterreich;AT0PIL1;48.7211111095,15.94222222;PM10;EEA Austria;µg/m³;25.21500015;2021-11-25T10:00:00+01:00;Austria
AT;Steiermark;AT60164;47.0556109995,15.416603;PM10;EEA Austria;µg/m³;48.28813552;2021-11-25T10:00:00+01:00;Austria
AT;Wien;AT9BELG;48.174353055,16.3614172222;PM10;EEA Austria;µg/m³;30.85049819;2021-11-25T10:00:00+01:00;Austria
AT;Wien;AT90LOB;48.1620694439,16.5256138889;PM2.5;EEA Austria;µg/m³;25.18350028;2021-11-25T10:00:00+01:00;Austria
AT;Tirol;AT72530;47.4885582995,12.066633;NO2;EEA Austria;µg/m³;30.52550125;2021-11-25T10:00:00+01:00;Austria
AT;Steiermark;AT60138;47.0943611106,15.4151111111;NO2;EEA Austria;µg/m³;35.23033142;2021-11-25T10:00:00+01:00;Austria
AT;Tirol;AT72912;46.8191110995,12.766025;O3;EEA Austria;µg/m³;7.28;2021-11-25T10:00:00+01:00;Austria
AT;Steiermark;AT60136;47.1202777772,15.3511111111;SO2;EEA Austria;µg/m³;1.24200046;2021-11-25T10:00:00+01:00;Austria
AT;Niederösterreich;AT31102;47.8619444395,15.32194444;O3;EEA Austria;µg/m³;67.745;2021-11-25T10:00:00+01:00;Austria
AT;Oberösterreich;AT4S409;48.0494444439,14.4427777778;NO2;EEA Austria;µg/m³;14.625;2021-11-25T08:00:00+01:00;Austria
AT;Amt der K�rntner Landesregierung;St. Veit a. d. Glan Hauptbahnhof;46.7711109995,14.3658333333;PM10;EEA Austria;µg/m³;0.0;2017-05-11T21:00:00+02:00;Austria
AT;Austria;Purkersdorf;48.2072298357,16.175603995;O3;EEA Austria;µg/m³;45.0;2016-12-12T10:00:00+01:00;Austria
AT;Austria;Leoben Donawitz;47.3760957723,15.0775033917;NO2;EEA Austria;µg/m³;23.0;2016-12-12T10:00:00+01:00;Austria
AT;Austria;St. Johann im Pongau;47.3488966847,13.2058634973;O3;EEA Austria;µg/m³;4.0;2016-12-12T10:00:00+01:00;Austria
AT;Austria;Innsbruck Reichenau;47.2716650145,11.4177669242;NO2;EEA Austria;µg/m³;80.0;2016-12-12T10:00:00+01:00;Austria
AT;Austria;Oberschützen;47.3041428648,16.1930313115;NO2;EEA Austria;µg/m³;26.0;2016-12-12T10:00:00+01:00;Austria
AT;Austria;Masenberg;47.3480445852,15.8819447286;NO2;EEA Austria;µg/m³;2.0;2016-12-12T10:00:00+01:00;Austria
AT;Austria;Graz Don Bosco;47.0555746975,15.4177852213;CO;EEA Austria;µg/m³;709.0;2016-12-12T10:00:00+01:00;Austria
AT;Austria;Braunau Zentrum;48.25833089,13.0400344958;PM10;EEA Austria;µg/m³;14.0;2016-12-12T10:00:00+01:00;Austria
AT;Austria;Zederhaus A10;47.1541397801,13.5050024869;O3;EEA Austria;µg/m³;64.0;2016-12-12T10:00:00+01:00;Austria
AT;Austria;Salzburg Mirabellplatz;47.8061169392,13.0461430397;CO;EEA Austria;µg/m³;210.0;2016-12-12T10:00:00+01:00;Austria
AT;Oberösterreich;AT4S406;48.1649999995,14.035556;SO2;EEA Austria;µg/m³;1.06999993;2021-11-25T10:00:00+01:00;Austria
AT;Steiermark;AT60180;47.4094429995,15.253333;NO2;EEA Austria;µg/m³;27.05497741;2021-11-25T10:00:00+01:00;Austria
AT;Oberösterreich;AT0ENK1;48.3917199995,13.67114;NO2;EEA Austria;µg/m³;14.73419475;2021-11-25T10:00:00+01:00;Austria
AT;Niederösterreich;AT32701;48.1449999995,16.4744444444;PM2.5;EEA Austria;µg/m³;22.5;2021-11-25T08:00:00+01:00;Austria
AT;Niederösterreich;AT31301;48.5786110995,16.5805556;O3;EEA Austria;µg/m³;38.512;2021-11-25T10:00:00+01:00;Austria
AT;Steiermark;AT60114;47.1924999995,14.753333;NO2;EEA Austria;µg/m³;32.20061111;2021-11-25T10:00:00+01:00;Austria
AT;Steiermark;AT60172;47.0692399995,15.431945;PM10;EEA Austria;µg/m³;38.4175682;2021-11-25T10:00:00+01:00;Austria
AT;Niederösterreich;AT32302;48.2012999995,15.6204;NO2;EEA Austria;µg/m³;29.54487991;2021-11-25T10:00:00+01:00;Austria
AT;Kärnten;AT2KA21;46.6255599995,14.31806;PM2.5;EEA Austria;µg/m³;20.39500045;2021-11-25T10:00:00+01:00;Austria
AT;Wien;AT90TAB;48.2167394439,16.3809180556;CO;EEA Austria;µg/m³;301.28449;2021-11-25T09:00:00+01:00;Austria
AT;Salzburg;AT54057;47.3513869995,13.205556;O3;EEA Austria;µg/m³;6.685;2021-11-25T10:00:00+01:00;Austria
AT;Niederösterreich;AT32501;48.4086099995,15.619166;PM10;EEA Austria;µg/m³;36.0;2021-11-25T10:00:00+01:00;Austria
AT;Tirol;AT72538;47.4587169995,11.90995;NO2;EEA Austria;µg/m³;27.04249954;2021-11-25T10:00:00+01:00;Austria
AT;Niederösterreich;AT32301;48.2124999995,15.634167;NO2;EEA Austria;µg/m³;24.66854095;2021-11-25T10:00:00+01:00;Austria
AT;Kärnten;AT2KA61;46.6524999995,14.2661111111;NO2;EEA Austria;µg/m³;25.75499916;2021-11-25T10:00:00+01:00;Austria
AT;Vorarlberg;AT80706;47.4101639995,9.653713;NO2;EEA Austria;µg/m³;0.0;2017-07-20T21:00:00+02:00;Austria
AT;Salzburg;AT53055;47.9366669995,13.0158333;O3;EEA Austria;µg/m³;23.546;2021-11-25T10:00:00+01:00;Austria
AT;Steiermark;AT60141;47.3588888884,15.1036111111;NO2;EEA Austria;µg/m³;31.98110389;2021-11-25T10:00:00+01:00;Austria
AT;Steiermark;AT60118;47.1783333328,14.6766666667;O3;EEA Austria;µg/m³;10.68;2021-11-25T10:00:00+01:00;Austria
AT;Amt der Ober�sterreichischen Landesregierung;Lenzing Winterstrasse;47.9719443995,13.60083333;PM10;EEA Austria;µg/m³;0.0;2017-03-29T18:00:00+02:00;Austria
AT;Austria;Obervellach Schulzentrum;46.9355467514,13.1955328715;PM10;EEA Austria;µg/m³;2.0;2016-12-12T10:00:00+01:00;Austria
AT;Austria;Wien Hohe Warte - Zentralanstalt für Meteorologie und Geodyn;48.2491795354,16.3577823346;O3;EEA Austria;µg/m³;53.0;2016-12-12T10:00:00+01:00;Austria
AT;Austria;Purkersdorf;48.2072298357,16.175603995;NO2;EEA Austria;µg/m³;15.0;2016-12-12T09:00:00+01:00;Austria
AT;Austria;Wien Schafberg;48.2358383532,16.3030749338;PM10;EEA Austria;µg/m³;9.0;2016-12-12T10:00:00+01:00;Austria
AT;Austria;Wien Laaer Berg;48.1614109647,16.3928166307;PM10;EEA Austria;µg/m³;8.0;2016-12-12T10:00:00+01:00;Austria
AT;Austria;Stockerau West;48.3883062254,16.2145010468;NO2;EEA Austria;µg/m³;25.0;2016-12-12T10:00:00+01:00;Austria
AT;Austria;Gänserndorf;48.3347076441,16.7305831776;SO2;EEA Austria;µg/m³;3.0;2016-12-12T10:00:00+01:00;Austria
AT;Austria;Kapfenberg;47.445581349,15.2903142825;NO2;EEA Austria;µg/m³;32.0;2016-12-12T10:00:00+01:00;Austria
AT;Austria;Dunkelsteinerwald;48.3711226232,15.5466934646;O3;EEA Austria;µg/m³;42.0;2016-12-12T10:00:00+01:00;Austria
AT;Austria;Brixlegg Innweg;47.430816498,11.8727636156;SO2;EEA Austria;µg/m³;2.0;2016-12-12T10:00:00+01:00;Austria
AT;Austria;Straßengel Kirche;47.1125225764,15.3399911177;SO2;EEA Austria;µg/m³;3.0;2016-12-12T10:00:00+01:00;Austria
AT;Austria;St. Pölten - Eybnerstraße;48.2114203668,15.6316740905;PM10;EEA Austria;µg/m³;11.0;2016-12-12T10:00:00+01:00;Austria
AT;Austria;Braunau Zentrum;48.25833089,13.0400344958;NO2;EEA Austria;µg/m³;24.0;2016-12-12T10:00:00+01:00;Austria
AT;Austria;Kematen;48.0449729792,14.7722558582;PM10;EEA Austria;µg/m³;9.0;2016-12-12T10:00:00+01:00;Austria
AT;Austria;Graz Lustbühel;47.0669569059,15.4936030313;PM10;EEA Austria;µg/m³;4.0;2016-12-12T10:00:00+01:00;Austria
AT;Niederösterreich;AT32401;47.8141666695,16.255;PM10;EEA Austria;µg/m³;23.0;2021-11-25T10:00:00+01:00;Austria
AT;Oberösterreich;AT4S416;48.2744444435,14.3147222;NO2;EEA Austria;µg/m³;22.60499954;2021-11-25T10:00:00+01:00;Austria
AT;Wien;AT90A23;48.2030599995,16.43455;NO2;EEA Austria;µg/m³;21.4759674;2021-11-25T10:00:00+01:00;Austria
AT;Niederösterreich;AT31401;48.0861110995,16.3022222;NO2;EEA Austria;µg/m³;16.35007858;2021-11-25T10:00:00+01:00;Austria
AT;Steiermark;AT60197;46.7783333328,15.5405555556;NO2;EEA Austria;µg/m³;17.09434509;2021-11-25T10:00:00+01:00;Austria
AT;Oberösterreich;AT4S184;48.3061194439,14.2975027778;PM2.5;EEA Austria;µg/m³;21.331501;2021-11-25T10:00:00+01:00;Austria
AT;Niederösterreich;AT32101;47.6083333295,16.29305556;O3;EEA Austria;µg/m³;49.886;2021-11-25T10:00:00+01:00;Austria
AT;Steiermark;AT60170;47.0416679995,15.433056;SO2;EEA Austria;µg/m³;0.201376;2021-11-25T10:00:00+01:00;Austria
AT;Kärnten;AT2WO35;46.7083329995,14.891667;PM10;EEA Austria;µg/m³;20.94499969;2021-11-25T10:00:00+01:00;Austria
AT;Steiermark;AT60119;47.2103699995,14.8252777778;PM10;EEA Austria;µg/m³;47.68820953;2021-11-25T10:00:00+01:00;Austria
AT;Steiermark;AT60185;46.7674999995,15.956111;PM10;EEA Austria;µg/m³;18.789999;2017-07-20T21:00:00+02:00;Austria
AT;Oberösterreich;AT4S156;48.2577777772,13.0397222222;PM2.5;EEA Austria;µg/m³;22.22750091;2021-11-25T10:00:00+01:00;Austria
AT;Salzburg;AT0SON1;47.0541666995,12.957777778;O3;EEA Austria;µg/m³;93.596;2021-11-25T10:00:00+01:00;Austria
AT;Tirol;AT72710;47.4475971995,10.7441167;PM10;EEA Austria;µg/m³;22.22800064;2021-11-25T10:00:00+01:00;Austria
AT;Burgenland;AT0ILL1;47.7702799995,16.76639;CO;EEA Austria;µg/m³;283.43403;2021-11-25T10:00:00+01:00;Austria
AT;Steiermark;AT60150;47.405555555,15.3608333333;O3;EEA Austria;µg/m³;86.227;2021-11-25T10:00:00+01:00;Austria
AT;Steiermark;AT60018;47.0758333328,15.4375;O3;EEA Austria;µg/m³;0.0;2021-11-25T10:00:00+01:00;Austria
AT;Wien;AT900KE;48.1567079995,16.476051;PM10;EEA Austria;µg/m³;26.51049995;2021-11-25T10:00:00+01:00;Austria
AT;Tirol;AT72910;46.8277319995,12.765622;CO;EEA Austria;µg/m³;753.90702;2021-11-25T10:00:00+01:00;Austria
AT;Amt der K�rntner Landesregierung;St. Andr� i. L. Volksschule;46.7638889995,14.8222222;PM10;EEA Austria;µg/m³;23.75;2017-07-20T21:00:00+02:00;Austria
AT;Austria;Obervellach Schulzentrum;46.9355467514,13.1955328715;NO2;EEA Austria;µg/m³;7.0;2016-12-12T10:00:00+01:00;Austria
AT;Austria;Leoben Donawitz;47.3760957723,15.0775033917;CO;EEA Austria;µg/m³;167.0;2016-12-12T10:00:00+01:00;Austria
AT;Austria;Salzburg Lehen Martinstraße;47.8180618127,13.0299733646;NO2;EEA Austria;µg/m³;26.0;2016-12-12T10:00:00+01:00;Austria
AT;Austria;St. Georgen im Lavanttal - Herzogberg;46.7080504923,14.891911454;SO2;EEA Austria;µg/m³;1.0;2016-12-12T10:00:00+01:00;Austria
AT;Austria;Vomp an der Leiten;47.3469490085,11.6916632543;NO2;EEA Austria;µg/m³;63.0;2016-12-12T10:00:00+01:00;Austria
AT;Austria;Linz Römerberg;48.3030472699,14.2830333544;PM10;EEA Austria;µg/m³;18.0;2016-12-12T10:00:00+01:00;Austria
AT;Austria;Graz Süd Tiergartenweg;47.0419250831,15.4341345595;CO;EEA Austria;µg/m³;817.0;2016-12-12T10:00:00+01:00;Austria
AT;Austria;Stixneusiedl;48.0508581903,16.6766842605;PM10;EEA Austria;µg/m³;6.0;2016-12-12T10:00:00+01:00;Austria
AT;Austria;St. Valentin A1;48.1799830247,14.545610912;NO2;EEA Austria;µg/m³;15.0;2016-12-12T10:00:00+01:00;Austria
AT;Austria;Braunau Zentrum;48.25833089,13.0400344958;O3;EEA Austria;µg/m³;34.0;2016-12-12T10:00:00+01:00;Austria
AT;Austria;Braunau Zentrum;48.25833089,13.0400344958;SO2;EEA Austria;µg/m³;0.0;2016-12-12T10:00:00+01:00;Austria
AT;Austria;Illmitz;47.7700243274,16.7664259574;O3;EEA Austria;µg/m³;55.0;2016-12-12T10:00:00+01:00;Austria
AT;Austria;Gärberbach - Brennerautobahn;47.2400210767,11.3908174657;NO2;EEA Austria;µg/m³;70.0;2016-12-12T10:00:00+01:00;Austria
AT;Oberösterreich;AT0ZOE2;47.8386110995,14.441388889;PM10;EEA Austria;µg/m³;1.52999997;2021-11-25T10:00:00+01:00;Austria
AT;Oberösterreich;AT4S404;48.2252777995,14.23888889;NO2;EEA Austria;µg/m³;16.01000022;2021-11-25T10:00:00+01:00;Austria
AT;Niederösterreich;AT30103;48.1797222195,14.86666667;SO2;EEA Austria;µg/m³;0.39999997;2021-11-25T10:00:00+01:00;Austria
AT;Salzburg;AT52300;47.6911111106,13.1080555556;NO2;EEA Austria;µg/m³;24.28608322;2021-11-25T10:00:00+01:00;Austria
AT;Niederösterreich;AT31401;48.0861110995,16.3022222;SO2;EEA Austria;µg/m³;2.0;2021-11-25T06:00:00+01:00;Austria
AT;Oberösterreich;AT4S184;48.3061194439,14.2975027778;NO2;EEA Austria;µg/m³;22.16999816;2021-11-25T10:00:00+01:00;Austria
AT;Steiermark;AT60190;46.6519499995,15.36778;SO2;EEA Austria;µg/m³;0.22769048;2021-11-25T10:00:00+01:00;Austria
AT;Kärnten;AT2SP18;46.8013888884,13.4938888889;PM10;EEA Austria;µg/m³;16.61499977;2021-11-25T10:00:00+01:00;Austria
AT;Kärnten;AT2M226;46.6102777772,14.3983333333;PM10;EEA Austria;µg/m³;26.07500076;2021-11-25T10:00:00+01:00;Austria
AT;Salzburg;AT55032;47.1258333328,13.8083333333;PM10;EEA Austria;µg/m³;33.51000213;2021-11-25T10:00:00+01:00;Austria
AT;Wien;AT9STAD;48.2263608328,16.458345;PM10;EEA Austria;µg/m³;29.29249954;2021-11-25T10:00:00+01:00;Austria
AT;Salzburg;AT51200;47.8172222217,13.0308333333;SO2;EEA Austria;µg/m³;3.33091735;2021-11-25T10:00:00+01:00;Austria
AT;Burgenland;AT0ILL1;47.7702799995,16.76639;NO2;EEA Austria;µg/m³;10.73750877;2021-11-25T10:00:00+01:00;Austria
AT;Wien;AT90FLO;48.2610859995,16.396954;PM10;EEA Austria;µg/m³;30.53150177;2021-11-25T10:00:00+01:00;Austria
AT;Oberösterreich;AT4S407;48.0008333328,13.6675;PM2.5;EEA Austria;µg/m³;17.33399963;2021-11-25T10:00:00+01:00;Austria
AT;Oberösterreich;AT4S409;48.0494444439,14.4427777778;PM10;EEA Austria;µg/m³;21.08250045;2021-11-25T08:00:00+01:00;Austria
AT;Amt der Steierm�rkischen Landesregierung;Peggau;47.2063888884,15.3458333333;NO2;EEA Austria;µg/m³;7.33251619;2017-07-20T21:00:00+02:00;Austria
AT;Austria;Leoben Göß;47.3594250643,15.0988832955;NO2;EEA Austria;µg/m³;54.0;2016-12-12T10:00:00+01:00;Austria
AT;Austria;Wien Taborstrasse;48.2180646489,16.3819470158;CO;EEA Austria;µg/m³;233.0;2016-12-12T10:00:00+01:00;Austria
AT;Austria;Knittelfeld Parkstraße;47.2102499891,14.8244479762;PM10;EEA Austria;µg/m³;15.0;2016-12-12T10:00:00+01:00;Austria
AT;Austria;Hallein Winterstall;47.6669200154,13.1058810061;O3;EEA Austria;µg/m³;40.0;2016-12-12T10:00:00+01:00;Austria
AT;Austria;Höfen Lärchbichl;47.4699980554,10.6822263696;O3;EEA Austria;µg/m³;32.0;2016-12-12T10:00:00+01:00;Austria
AT;Austria;Villach Tirolerbrücke;46.61113012,13.8411520662;NO2;EEA Austria;µg/m³;59.0;2016-12-12T10:00:00+01:00;Austria
AT;Austria;Klosterneuburg Wisentgasse;48.3013740999,16.3046919014;NO2;EEA Austria;µg/m³;9.0;2016-12-12T10:00:00+01:00;Austria
AT;Austria;Masenberg;47.3480445852,15.8819447286;SO2;EEA Austria;µg/m³;0.0;2016-12-12T10:00:00+01:00;Austria
AT;Austria;Innsbruck Zentrum Fallmerayerstr.;47.2630699774,11.3930632539;NO2;EEA Austria;µg/m³;83.0;2016-12-12T10:00:00+01:00;Austria
AT;Austria;Vorhegg bei Kötschach-Mauthen;46.6797075496,12.9719421973;O3;EEA Austria;µg/m³;80.0;2016-12-12T10:00:00+01:00;Austria
AT;Austria;Vorhegg bei Kötschach-Mauthen;46.6797075496,12.9719421973;CO;EEA Austria;µg/m³;152.0;2016-12-12T10:00:00+01:00;Austria
AT;Austria;Feldkirch Bärenkreuzung;47.2388622693,9.59670218025;NO2;EEA Austria;µg/m³;77.0;2016-12-12T10:00:00+01:00;Austria
AT;Austria;St. Pölten - Europaplatz;48.2099836519,15.6111026705;NO2;EEA Austria;µg/m³;32.0;2016-12-12T10:00:00+01:00;Austria
AT;Austria;Klein St. Paul - Pemberg;46.8419233416,14.5289022477;NO2;EEA Austria;µg/m³;4.0;2016-12-12T10:00:00+01:00;Austria
AT;Austria;Arnoldstein Gailitz Waldsiedlungsstraße;46.558898771,13.7049674691;O3;EEA Austria;µg/m³;12.0;2016-12-12T10:00:00+01:00;Austria
AT;Austria;Eisenstadt Laschoberstraße;47.840013907,16.5266656081;SO2;EEA Austria;µg/m³;4.0;2016-12-12T09:00:00+01:00;Austria
AT;Oberösterreich;AT4S108;48.5311111095,14.5747222222;PM10;EEA Austria;µg/m³;6.96199989;2021-11-25T10:00:00+01:00;Austria
AT;Niederösterreich;AT30103;48.1797222195,14.86666667;O3;EEA Austria;µg/m³;36.816;2021-11-25T10:00:00+01:00;Austria
AT;Wien;AT90A23;48.2030599995,16.43455;PM10;EEA Austria;µg/m³;31.7765007;2021-11-25T10:00:00+01:00;Austria
AT;Kärnten;AT2KA71;46.6266166661,14.2991444444;O3;EEA Austria;µg/m³;4.46;2021-11-25T10:00:00+01:00;Austria
AT;Salzburg;AT56072;47.3266399995,12.795124;NO2;EEA Austria;µg/m³;28.68434906;2021-11-25T10:00:00+01:00;Austria
AT;Steiermark;AT60114;47.1924999995,14.753333;PM10;EEA Austria;µg/m³;32.80039978;2021-11-25T10:00:00+01:00;Austria
AT;Kärnten;AT2KA21;46.6255599995,14.31806;CO;EEA Austria;µg/m³;376.68499;2021-11-25T10:00:00+01:00;Austria
AT;Burgenland;AT10001;47.8399999995,16.52806;PM2.5;EEA Austria;µg/m³;20.20555114;2021-11-25T10:00:00+01:00;Austria
AT;Niederösterreich;AT30101;48.1202777795,14.878333;PM10;EEA Austria;µg/m³;29.5;2021-11-25T10:00:00+01:00;Austria
AT;Niederösterreich;AT30301;48.1436119995,16.959444;SO2;EEA Austria;µg/m³;7.4499998;2021-11-25T10:00:00+01:00;Austria
AT;Niederösterreich;AT30301;48.1436119995,16.959444;PM10;EEA Austria;µg/m³;27.0;2021-11-25T10:00:00+01:00;Austria
AT;Steiermark;AT60151;46.8713888884,15.4958333333;SO2;EEA Austria;µg/m³;8.16933059;2021-11-25T10:00:00+01:00;Austria
AT;Niederösterreich;AT30104;48.1783333328,14.5486111111;PM10;EEA Austria;µg/m³;26.5;2021-11-25T10:00:00+01:00;Austria
AT;Steiermark;AT60119;47.2103699995,14.8252777778;SO2;EEA Austria;µg/m³;1.19570147;2021-11-25T10:00:00+01:00;Austria
AT;Salzburg;AT0SON1;47.0541666995,12.957777778;CO;EEA Austria;µg/m³;141.42599;2021-11-25T10:00:00+01:00;Austria
AT;Steiermark;AT60198;47.0472219995,16.078888;O3;EEA Austria;µg/m³;16.12;2021-11-25T10:00:00+01:00;Austria
AT;Steiermark;AT60171;47.0594439995,15.466666;NO2;EEA Austria;µg/m³;37.41499328;2021-11-25T10:00:00+01:00;Austria
AT;Oberösterreich;AT4S125;47.7161111106,13.6322222222;NO2;EEA Austria;µg/m³;20.24000167;2021-11-25T09:00:00+01:00;Austria
AT;Tirol;AT72912;46.8191110995,12.766025;NO2;EEA Austria;µg/m³;28.38700103;2021-11-25T10:00:00+01:00;Austria
AT;Niederösterreich;AT30407;48.2366666661,16.6369444444;NO2;EEA Austria;µg/m³;5.73686981;2021-11-25T08:00:00+01:00;Austria
AT;Amt der Ober�sterreichischen Landesregierung;Lenzing Winterstrasse;47.9719443995,13.60083333;NO2;EEA Austria;µg/m³;6.26000022;2017-07-20T21:00:00+02:00;Austria
AT;Amt der Steierm�rkischen Landesregierung;Liezen Alte Gasse 8;47.5672222217,14.2436111111;NO2;EEA Austria;µg/m³;0.0;2017-07-20T21:00:00+02:00;Austria
AT;Austria;Ebenthal Zell;46.6083531239,14.3986465315;PM10;EEA Austria;µg/m³;56.0;2016-12-12T10:00:00+01:00;Austria
AT;Austria;Vomp an der Leiten;47.3469490085,11.6916632543;PM10;EEA Austria;µg/m³;46.0;2016-12-12T10:00:00+01:00;Austria
AT;Austria;Wien Stadlau;48.2280593769,16.4605496031;SO2;EEA Austria;µg/m³;5.0;2016-12-12T10:00:00+01:00;Austria
AT;Austria;Wien Schafberg;48.2358383532,16.3030749338;NO2;EEA Austria;µg/m³;9.0;2016-12-12T10:00:00+01:00;Austria
AT;Austria;Masenberg;47.3480445852,15.8819447286;PM10;EEA Austria;µg/m³;5.0;2016-12-12T10:00:00+01:00;Austria
AT;Austria;Innsbruck Zentrum Fallmerayerstr.;47.2630699774,11.3930632539;CO;EEA Austria;µg/m³;1037.0;2016-12-12T10:00:00+01:00;Austria
AT;Austria;Bockberg;46.8730674222,15.4950403358;O3;EEA Austria;µg/m³;70.0;2016-12-12T10:00:00+01:00;Austria
AT;Austria;Haunsberg;47.9727944888,13.0158698147;O3;EEA Austria;µg/m³;51.0;2016-12-12T10:00:00+01:00;Austria
AT;Austria;Zwentendorf;48.3283174157,15.9091636818;SO2;EEA Austria;µg/m³;2.0;2016-12-12T10:00:00+01:00;Austria
AT;Steiermark;AT60194;47.6047222217,15.6730555556;NO2;EEA Austria;µg/m³;31.03306388;2021-11-25T10:00:00+01:00;Austria
AT;Steiermark;AT60177;47.5654389995,14.244676;O3;EEA Austria;µg/m³;14.185;2021-11-25T10:00:00+01:00;Austria
AT;Steiermark;AT60177;47.5654389995,14.244676;NO2;EEA Austria;µg/m³;25.08161163;2021-11-25T10:00:00+01:00;Austria
AT;Niederösterreich;AT32702;48.1508039008,16.5116637428;PM10;EEA Austria;µg/m³;31.0;2021-11-25T10:00:00+01:00;Austria
AT;Niederösterreich;AT30599;48.3082222195,16.3279444;PM10;EEA Austria;µg/m³;29.0;2021-11-25T10:00:00+01:00;Austria
AT;Niederösterreich;AT31406;48.0833333328,16.3372222222;NO2;EEA Austria;µg/m³;8.41407585;2021-11-25T10:00:00+01:00;Austria
AT;Niederösterreich;AT30701;48.5288888884,15.9427777778;O3;EEA Austria;µg/m³;13.768;2021-11-25T10:00:00+01:00;Austria
AT;Tirol;AT72110;47.2626193995,11.3923611;SO2;EEA Austria;µg/m³;3.38700008;2021-11-25T10:00:00+01:00;Austria
AT;Kärnten;AT0VOR1;46.6786111106,12.9744444444;PM10;EEA Austria;µg/m³;-2.615;2021-11-25T10:00:00+01:00;Austria
AT;Burgenland;AT10001;47.8399999995,16.52806;NO2;EEA Austria;µg/m³;7.69040012;2021-11-25T10:00:00+01:00;Austria
AT;Steiermark;AT60170;47.0416679995,15.433056;PM10;EEA Austria;µg/m³;46.98701477;2021-11-25T10:00:00+01:00;Austria
AT;Tirol;AT72821;47.3487739995,11.692028;PM10;EEA Austria;µg/m³;26.87250137;2021-11-25T10:00:00+01:00;Austria
AT;Kärnten;AT2KA41;46.6293599995,14.28931;O3;EEA Austria;µg/m³;5.05;2021-11-25T10:00:00+01:00;Austria
AT;Niederösterreich;AT30401;48.3347199995,16.729445;NO2;EEA Austria;µg/m³;12.04742622;2021-11-25T10:00:00+01:00;Austria
AT;Vorarlberg;AT80706;47.4101639995,9.653713;O3;EEA Austria;µg/m³;8.765;2021-11-25T10:00:00+01:00;Austria
AT;Burgenland;AT0ILL1;47.7702799995,16.76639;PM2.5;EEA Austria;µg/m³;23.71999931;2021-11-25T10:00:00+01:00;Austria
AT;Kärnten;AT2SP10;46.9349999995,13.195833;PM10;EEA Austria;µg/m³;15.28999996;2021-11-25T10:00:00+01:00;Austria
AT;Oberösterreich;AT4S125;47.7161111106,13.6322222222;PM10;EEA Austria;µg/m³;13.0284996;2021-11-25T10:00:00+01:00;Austria
AT;Niederösterreich;AT30201;47.9591669995,16.205833;O3;EEA Austria;µg/m³;44.698;2021-11-25T10:00:00+01:00;Austria
AT;Tirol;AT72113;47.2699027995,11.3746611;NO2;EEA Austria;µg/m³;39.34300231;2021-11-25T10:00:00+01:00;Austria
AT;Salzburg;AT52000;47.6830555995,13.1;NO2;EEA Austria;µg/m³;33.27384185;2021-11-25T10:00:00+01:00;Austria
AT;Oberösterreich;AT4S409;48.0494444439,14.4427777778;PM2.5;EEA Austria;µg/m³;19.97850036;2021-11-25T08:00:00+01:00;Austria
AT;Amt der Ober�sterreichischen Landesregierung;Lenzing Winterstrasse;47.9719443995,13.60083333;O3;EEA Austria;µg/m³;89.485;2017-07-20T21:00:00+02:00;Austria
AT;Amt der Steierm�rkischen Landesregierung;Peggau;47.2063888884,15.3458333333;PM10;EEA Austria;µg/m³;11.61318397;2017-07-20T21:00:00+02:00;Austria
AT;Amt der Steierm�rkischen Landesregierung;Weiz Birkfelder Stra�e;47.2172239995,15.628333;PM10;EEA Austria;µg/m³;0.0;2017-07-20T21:00:00+02:00;Austria
AT;Austria;Graz West;47.0697103009,15.404130829;NO2;EEA Austria;µg/m³;63.0;2016-12-12T10:00:00+01:00;Austria
AT;Austria;Wolkersdorf;48.3922433173,16.5222638632;NO2;EEA Austria;µg/m³;14.0;2016-12-12T10:00:00+01:00;Austria
AT;Austria;Wien Hohe Warte - Zentralanstalt für Meteorologie und Geodyn;48.2491795354,16.3577823346;SO2;EEA Austria;µg/m³;3.0;2016-12-12T09:00:00+01:00;Austria
AT;Austria;Vomp A12 Inntalautobahn;47.3491401391,11.6931005588;PM10;EEA Austria;µg/m³;54.0;2016-12-12T10:00:00+01:00;Austria
AT;Austria;Wien Kendlerstraße;48.2055535272,16.3105309507;PM10;EEA Austria;µg/m³;10.0;2016-12-12T10:00:00+01:00;Austria
AT;Austria;Wien Hietzinger Kai;48.1889072022,16.3019969555;CO;EEA Austria;µg/m³;221.0;2016-12-12T10:00:00+01:00;Austria
AT;Austria;Innsbruck Reichenau;47.2716650145,11.4177669242;O3;EEA Austria;µg/m³;1.0;2016-12-12T10:00:00+01:00;Austria
AT;Austria;Innsbruck Sadrach;47.2711164368,11.3666527845;O3;EEA Austria;µg/m³;3.0;2016-12-12T10:00:00+01:00;Austria
AT;Austria;Masenberg;47.3480445852,15.8819447286;O3;EEA Austria;µg/m³;66.0;2016-12-12T10:00:00+01:00;Austria
AT;Austria;Innsbruck Nordkette;47.30609212,11.3780613887;O3;EEA Austria;µg/m³;78.0;2016-12-12T10:00:00+01:00;Austria
AT;Austria;Dunkelsteinerwald;48.3711226232,15.5466934646;SO2;EEA Austria;µg/m³;4.0;2016-12-12T10:00:00+01:00;Austria
AT;Austria;Bad Ischl;47.7166845556,13.6328327518;NO2;EEA Austria;µg/m³;39.0;2016-12-12T10:00:00+01:00;Austria
AT;Austria;Salzburg Mirabellplatz;47.8061169392,13.0461430397;O3;EEA Austria;µg/m³;42.0;2016-12-12T10:00:00+01:00;Austria
AT;Austria;Zwentendorf;48.3283174157,15.9091636818;NO2;EEA Austria;µg/m³;12.0;2016-12-12T10:00:00+01:00;Austria
AT;Austria;Hainburg;48.1439111305,16.9610908795;O3;EEA Austria;µg/m³;39.0;2016-12-12T10:00:00+01:00;Austria
AT;Niederösterreich;AT30502;48.8786110995,15.04666667;NO2;EEA Austria;µg/m³;5.64125537;2021-11-25T10:00:00+01:00;Austria
AT;Niederösterreich;AT32302;48.2012999995,15.6204;CO;EEA Austria;µg/m³;395.75999;2021-11-25T10:00:00+01:00;Austria
AT;Vorarlberg;AT80807;47.4100322217,9.74344083333;NO2;EEA Austria;µg/m³;25.79199981;2021-11-25T10:00:00+01:00;Austria
AT;Niederösterreich;AT30101;48.1202777795,14.878333;PM2.5;EEA Austria;µg/m³;24.5;2021-11-25T10:00:00+01:00;Austria
AT;Wien;AT90LOB;48.1620694439,16.5256138889;PM10;EEA Austria;µg/m³;30.01000022;2021-11-25T10:00:00+01:00;Austria
AT;Niederösterreich;AT30302;48.0502779995,16.675278;O3;EEA Austria;µg/m³;37.913;2021-11-25T10:00:00+01:00;Austria
AT;Salzburg;AT51066;47.8055555995,13.043333;NO2;EEA Austria;µg/m³;30.40540885;2021-11-25T10:00:00+01:00;Austria
AT;Vorarlberg;AT80710;47.4324908328,9.65048222222;NO2;EEA Austria;µg/m³;39.24599838;2021-11-25T10:00:00+01:00;Austria
AT;Tirol;AT72530;47.4885582995,12.066633;PM10;EEA Austria;µg/m³;42.29199981;2021-11-25T10:00:00+01:00;Austria
AT;Steiermark;AT60139;47.0694429995,15.404388;PM10;EEA Austria;µg/m³;42.26108932;2021-11-25T10:00:00+01:00;Austria
AT;Tirol;AT72106;47.2712899995,11.4169445;PM10;EEA Austria;µg/m³;43.84199905;2021-11-25T10:00:00+01:00;Austria
AT;Salzburg;AT52000;47.6830555995,13.1;SO2;EEA Austria;µg/m³;4.13033723;2021-11-25T10:00:00+01:00;Austria
AT;Niederösterreich;AT31902;48.3311111106,15.9036111111;SO2;EEA Austria;µg/m³;2.0;2017-07-20T21:00:00+02:00;Austria
AT;Wien;AT90LAA;48.1610363884,16.3929202778;PM10;EEA Austria;µg/m³;25.60300064;2021-11-25T10:00:00+01:00;Austria
AT;Oberösterreich;AT4S409;48.0494444439,14.4427777778;SO2;EEA Austria;µg/m³;1.63000011;2021-11-25T08:00:00+01:00;Austria
AT;Niederösterreich;AT31904;48.2763888884,15.935;O3;EEA Austria;µg/m³;35.02;2020-12-04T07:00:00+01:00;Austria
AT;Austria;Leoben Donawitz;47.3760957723,15.0775033917;PM10;EEA Austria;µg/m³;3.0;2016-12-12T10:00:00+01:00;Austria
AT;Austria;Oberschützen;47.3041428648,16.1930313115;O3;EEA Austria;µg/m³;19.0;2016-12-12T10:00:00+01:00;Austria
AT;Austria;Hartberg Zentrum;47.2827572544,15.9719559201;NO2;EEA Austria;µg/m³;46.0;2016-12-12T10:00:00+01:00;Austria
AT;Austria;Hartberg Zentrum;47.2827572544,15.9719559201;PM10;EEA Austria;µg/m³;19.0;2016-12-12T10:00:00+01:00;Austria
AT;Austria;Vorhegg bei Kötschach-Mauthen;46.6797075496,12.9719421973;NO2;EEA Austria;µg/m³;2.0;2016-12-12T10:00:00+01:00;Austria
AT;Austria;Graz Schlossberg;47.0772355217,15.4386261359;O3;EEA Austria;µg/m³;18.0;2016-12-12T10:00:00+01:00;Austria
AT;Austria;Judendorf Süd;47.1194304748,15.3552624776;PM10;EEA Austria;µg/m³;55.0;2016-12-12T10:00:00+01:00;Austria
AT;Austria;Illmitz;47.7700243274,16.7664259574;CO;EEA Austria;µg/m³;162.0;2016-12-12T10:00:00+01:00;Austria
AT;Austria;Peggau;47.2058561181,15.346997977;NO2;EEA Austria;µg/m³;6.0;2016-12-12T10:00:00+01:00;Austria
AT;Austria;Eisenstadt Laschoberstraße;47.840013907,16.5266656081;CO;EEA Austria;µg/m³;237.0;2016-12-12T08:00:00+01:00;Austria
AT;Austria;Eisenstadt Laschoberstraße;47.840013907,16.5266656081;PM10;EEA Austria;µg/m³;6.0;2016-12-12T09:00:00+01:00;Austria
AT;Oberösterreich;AT4S404;48.2252777995,14.23888889;PM10;EEA Austria;µg/m³;23.52400016;2021-11-25T10:00:00+01:00;Austria
AT;Niederösterreich;AT31502;47.6699999995,15.8547222;SO2;EEA Austria;µg/m³;1.15000009;2021-11-25T10:00:00+01:00;Austria
AT;Burgenland;AT10003;48.1094443995,17.0713889;SO2;EEA Austria;µg/m³;3.65509986;2021-11-25T10:00:00+01:00;Austria
AT;Vorarlberg;AT81919;47.2394449995,9.597696;NO2;EEA Austria;µg/m³;36.81800079;2021-11-25T10:00:00+01:00;Austria
AT;Wien;AT90TAB;48.2167394439,16.3809180556;NO2;EEA Austria;µg/m³;31.65412712;2021-11-25T09:00:00+01:00;Austria
AT;Steiermark;AT60107;47.0447222217,15.1527777778;O3;EEA Austria;µg/m³;3.334;2021-11-25T10:00:00+01:00;Austria
AT;Niederösterreich;AT30301;48.1436119995,16.959444;PM2.5;EEA Austria;µg/m³;24.0;2021-11-25T10:00:00+01:00;Austria
AT;Niederösterreich;AT30601;48.3022229995,16.320833;SO2;EEA Austria;µg/m³;6.0;2021-11-25T10:00:00+01:00;Austria
AT;Wien;AT9JAEG;48.2701583328,16.2972633333;O3;EEA Austria;µg/m³;43.64;2021-11-25T10:00:00+01:00;Austria
AT;Tirol;AT72710;47.4475971995,10.7441167;NO2;EEA Austria;µg/m³;37.73550415;2021-11-25T10:00:00+01:00;Austria
AT;Salzburg;AT53055;47.9366669995,13.0158333;NO2;EEA Austria;µg/m³;8.41407585;2021-11-25T10:00:00+01:00;Austria
AT;Salzburg;AT52000;47.6830555995,13.1;PM10;EEA Austria;µg/m³;29.35000038;2021-11-25T10:00:00+01:00;Austria
AT;Steiermark;AT60118;47.1783333328,14.6766666667;NO2;EEA Austria;µg/m³;27.93404579;2021-11-25T10:00:00+01:00;Austria
AT;Kärnten;AT2M121;46.5569299995,13.70541;O3;EEA Austria;µg/m³;10.208;2021-11-25T10:00:00+01:00;Austria
AT;Tirol;AT72822;47.3499916995,11.6945417;PM10;EEA Austria;µg/m³;9.89150047;2021-04-24T13:00:00+02:00;Austria
AT;Austria;Pöchlarn;48.2130366229,15.2072201187;NO2;EEA Austria;µg/m³;16.0;2016-12-12T10:00:00+01:00;Austria
AT;Austria;Bad Vöslau - Gainfarn;47.9599829273,16.2069551984;PM10;EEA Austria;µg/m³;7.0;2016-12-12T10:00:00+01:00;Austria
AT;Austria;Wolfsberg Hauptschule;46.8352867658,14.8442109124;SO2;EEA Austria;µg/m³;3.0;2016-12-12T10:00:00+01:00;Austria
AT;Austria;Salzburg Lehen Martinstraße;47.8180618127,13.0299733646;SO2;EEA Austria;µg/m³;1.0;2016-12-12T10:00:00+01:00;Austria
AT;Austria;Salzburg Lehen Martinstraße;47.8180618127,13.0299733646;O3;EEA Austria;µg/m³;43.0;2016-12-12T10:00:00+01:00;Austria
AT;Austria;Hallein B159;47.6830699731,13.1019284189;PM10;EEA Austria;µg/m³;22.0;2016-12-12T10:00:00+01:00;Austria
AT;Austria;Leoben Zentrum;47.3830302082,15.0899899742;O3;EEA Austria;µg/m³;14.0;2016-12-12T10:00:00+01:00;Austria
AT;Austria;St. Johann im Pongau;47.3488966847,13.2058634973;NO2;EEA Austria;µg/m³;52.0;2016-12-12T10:00:00+01:00;Austria
AT;Austria;Wien Hermannskogel;48.2711280763,16.2989426835;SO2;EEA Austria;µg/m³;3.0;2016-12-12T10:00:00+01:00;Austria
AT;Austria;Lustenau Wiesenrain;47.4108196241,9.65275705398;O3;EEA Austria;µg/m³;1.0;2016-12-12T10:00:00+01:00;Austria
AT;Austria;Klosterneuburg Wisentgasse;48.3013740999,16.3046919014;O3;EEA Austria;µg/m³;44.0;2016-12-12T10:00:00+01:00;Austria
AT;Austria;Tulln Leopoldgasse;48.3313633254,16.0594518288;O3;EEA Austria;µg/m³;29.0;2016-12-12T10:00:00+01:00;Austria
AT;Austria;Stixneusiedl;48.0508581903,16.6766842605;O3;EEA Austria;µg/m³;44.0;2016-12-12T10:00:00+01:00;Austria
AT;Austria;Feldkirch Bärenkreuzung;47.2388622693,9.59670218025;CO;EEA Austria;µg/m³;976.0;2016-12-12T10:00:00+01:00;Austria
AT;Austria;Judendorf Süd;47.1194304748,15.3552624776;SO2;EEA Austria;µg/m³;4.0;2016-12-12T10:00:00+01:00;Austria
AT;Austria;Rennfeld;47.4049832385,15.3608320323;O3;EEA Austria;µg/m³;63.0;2016-12-12T10:00:00+01:00;Austria
AT;Oberösterreich;AT0ZOE2;47.8386110995,14.441388889;NO2;EEA Austria;µg/m³;1.33860301;2021-11-25T10:00:00+01:00;Austria
AT;Steiermark;AT0KLH1;46.7527527862,15.9566845603;SO2;EEA Austria;µg/m³;1.0;2016-12-12T10:00:00+01:00;Austria
AT;Oberösterreich;AT4S404;48.2252777995,14.23888889;SO2;EEA Austria;µg/m³;0.66999995;2017-07-20T21:00:00+02:00;Austria
AT;Oberösterreich;AT4S217;48.2094444439,14.4369444444;CO;EEA Austria;µg/m³;240.13999;2021-11-25T10:00:00+01:00;Austria
AT;Niederösterreich;AT31401;48.0861110995,16.3022222;CO;EEA Austria;µg/m³;320.1;2021-11-25T10:00:00+01:00;Austria
AT;Niederösterreich;AT30502;48.8786110995,15.04666667;PM10;EEA Austria;µg/m³;20.0;2021-11-25T10:00:00+01:00;Austria
AT;Niederösterreich;AT30502;48.8786110995,15.04666667;O3;EEA Austria;µg/m³;43.5;2021-11-25T10:00:00+01:00;Austria
AT;Niederösterreich;AT32702;48.1508039008,16.5116637428;NO2;EEA Austria;µg/m³;17.4018383;2021-11-25T10:00:00+01:00;Austria
AT;Oberösterreich;AT4S431;48.3027777772,14.2827777778;NO2;EEA Austria;µg/m³;27.40000152;2021-11-25T09:00:00+01:00;Austria
AT;Oberösterreich;AT4S431;48.3027777772,14.2827777778;PM10;EEA Austria;µg/m³;26.45199966;2021-11-25T10:00:00+01:00;Austria
AT;Steiermark;AT60107;47.0447222217,15.1527777778;PM10;EEA Austria;µg/m³;37.10074615;2021-11-25T10:00:00+01:00;Austria
AT;Kärnten;AT2VI12;46.6124999995,13.841389;NO2;EEA Austria;µg/m³;20.78000068;2021-11-25T10:00:00+01:00;Austria
AT;Wien;AT9BELG;48.174353055,16.3614172222;NO2;EEA Austria;µg/m³;21.30099296;2021-11-25T10:00:00+01:00;Austria
AT;Tirol;AT72552;47.5818082995,12.1724111;PM10;EEA Austria;µg/m³;20.75300025;2021-11-25T10:00:00+01:00;Austria
AT;Niederösterreich;AT32501;48.4086099995,15.619166;O3;EEA Austria;µg/m³;22.648;2021-11-25T10:00:00+01:00;Austria
AT;Vorarlberg;AT82708;47.1564829995,9.822944;NO2;EEA Austria;µg/m³;0.0;2017-07-20T21:00:00+02:00;Austria
AT;Oberösterreich;AT4S156;48.2577777772,13.0397222222;SO2;EEA Austria;µg/m³;1.81999993;2021-11-25T09:00:00+01:00;Austria
AT;Steiermark;AT60191;47.135555555,15.3236111111;NO2;EEA Austria;µg/m³;19.36056137;2021-11-25T10:00:00+01:00;Austria
AT;Steiermark;AT60191;47.135555555,15.3236111111;PM10;EEA Austria;µg/m³;15.84077453;2021-11-25T10:00:00+01:00;Austria
AT;Tirol;AT72315;47.2169471995,10.7357167;NO2;EEA Austria;µg/m³;43.63549804;2021-11-25T10:00:00+01:00;Austria
AT;Wien;AT900ZA;48.2489929995,16.357079;NO2;EEA Austria;µg/m³;16.43775367;2021-11-25T10:00:00+01:00;Austria
AT;Niederösterreich;AT30407;48.2366666661,16.6369444444;PM2.5;EEA Austria;µg/m³;20.5;2021-11-25T08:00:00+01:00;Austria
AT;Amt der Steierm�rkischen Landesregierung;Weiz Birkfelder Stra�e;47.2172239995,15.628333;NO2;EEA Austria;µg/m³;0.0;2017-07-20T21:00:00+02:00;Austria
AT;Amt der Nieder�sterreichischen Landesregierung;Mannsw�rth bei Schwechat, Danubiastra�e/A4;48.1449999995,16.51111;NO2;EEA Austria;µg/m³;38.62825775;2017-07-20T21:00:00+02:00;Austria
AT;Austria;St. Georgen im Lavanttal - Herzogberg;46.7080504923,14.891911454;NO2;EEA Austria;µg/m³;14.0;2016-12-12T10:00:00+01:00;Austria
AT;Austria;Spittal a.d.Drau Oktoberstrasse;46.8016611483,13.4955701764;NO2;EEA Austria;µg/m³;54.0;2016-12-12T10:00:00+01:00;Austria
AT;Austria;Wien Lobau - Grundwasserwerk;48.1624895263,16.5266656081;NO2;EEA Austria;µg/m³;25.0;2016-12-12T10:00:00+01:00;Austria
AT;Austria;Lienz Amlacherkreuzung;46.8280347551,12.7655991765;PM10;EEA Austria;µg/m³;16.0;2016-12-12T10:00:00+01:00;Austria
AT;Austria;Gratwein;47.1422262873,15.3255282417;PM10;EEA Austria;µg/m³;24.0;2016-12-12T10:00:00+01:00;Austria
AT;Austria;Wien AKH;48.2191420188,16.3458347414;NO2;EEA Austria;µg/m³;15.0;2016-12-12T10:00:00+01:00;Austria
AT;Austria;Vöcklabruck;48.0011129974,13.6680467109;PM10;EEA Austria;µg/m³;11.0;2016-12-12T10:00:00+01:00;Austria
AT;Austria;Bludenz Herrengasse;47.1560945598,9.82720988215;NO2;EEA Austria;µg/m³;58.0;2016-12-12T10:00:00+01:00;Austria
AT;Austria;Graz Süd Tiergartenweg;47.0419250831,15.4341345595;NO2;EEA Austria;µg/m³;73.0;2016-12-12T10:00:00+01:00;Austria
AT;Austria;Gerlitzen Steinturm;46.6838983129,13.9019680109;O3;EEA Austria;µg/m³;78.0;2016-12-12T10:00:00+01:00;Austria
AT;Niederösterreich;AT32401;47.8141666695,16.255;SO2;EEA Austria;µg/m³;2.79999995;2021-11-25T10:00:00+01:00;Austria
AT;Niederösterreich;AT32401;47.8141666695,16.255;O3;EEA Austria;µg/m³;46.593;2021-11-25T10:00:00+01:00;Austria
AT;Oberösterreich;AT4S416;48.2744444435,14.3147222;SO2;EEA Austria;µg/m³;2.57000017;2021-11-25T10:00:00+01:00;Austria
AT;Tirol;AT72547;47.5819143866,12.1697466486;O3;EEA Austria;µg/m³;3.317;2021-11-25T10:00:00+01:00;Austria
AT;Oberösterreich;AT4S184;48.3061194439,14.2975027778;O3;EEA Austria;µg/m³;19.701;2021-11-25T10:00:00+01:00;Austria
AT;Oberösterreich;AT4S184;48.3061194439,14.2975027778;PM10;EEA Austria;µg/m³;25.69199943;2021-11-25T10:00:00+01:00;Austria
AT;Kärnten;AT2KA71;46.6266166661,14.2991444444;PM2.5;EEA Austria;µg/m³;15.27999973;2021-11-25T10:00:00+01:00;Austria
AT;Kärnten;AT2KA71;46.6266166661,14.2991444444;NO2;EEA Austria;µg/m³;24.38000106;2021-11-25T10:00:00+01:00;Austria
AT;Niederösterreich;AT32701;48.1449999995,16.4744444444;CO;EEA Austria;µg/m³;244.44;2021-09-30T09:00:00+02:00;Austria
AT;Steiermark;AT60195;46.8138888884,15.2127777778;PM10;EEA Austria;µg/m³;49.65776062;2021-11-25T10:00:00+01:00;Austria
AT;Oberösterreich;AT4S235;47.8158549995,13.720737;O3;EEA Austria;µg/m³;86.867;2021-11-25T10:00:00+01:00;Austria
AT;Burgenland;AT10003;48.1094443995,17.0713889;NO2;EEA Austria;µg/m³;21.03139877;2021-11-25T10:00:00+01:00;Austria
AT;Tirol;AT72110;47.2626193995,11.3923611;NO2;EEA Austria;µg/m³;54.17649841;2021-11-25T10:00:00+01:00;Austria
AT;Niederösterreich;AT30601;48.3022229995,16.320833;O3;EEA Austria;µg/m³;40.906;2021-11-25T10:00:00+01:00;Austria
AT;Tirol;AT72106;47.2712899995,11.4169445;O3;EEA Austria;µg/m³;2.776;2021-11-25T10:00:00+01:00;Austria
AT;Niederösterreich;AT32604;48.0451111106,14.7722777778;O3;EEA Austria;µg/m³;27.836;2021-11-25T09:00:00+01:00;Austria
AT;Niederösterreich;AT30407;48.2366666661,16.6369444444;PM10;EEA Austria;µg/m³;23.0;2021-11-25T08:00:00+01:00;Austria
AT;Niederösterreich;AT31703;48.3533333295,15.74694444;PM10;EEA Austria;µg/m³;34.5;2020-12-30T19:00:00+01:00;Austria
AT;Amt der Salzburger Landesregierung;Zederhaus A10;47.1540699995,13.50508;PM10;EEA Austria;µg/m³;5.65999984;2017-07-20T21:00:00+02:00;Austria
AT;Austria;Obervellach Schulzentrum;46.9355467514,13.1955328715;O3;EEA Austria;µg/m³;47.0;2016-12-12T09:00:00+01:00;Austria
AT;Austria;Heiterwang;47.447768382,10.7442101242;NO2;EEA Austria;µg/m³;37.0;2016-12-12T10:00:00+01:00;Austria
AT;Austria;Leoben Göß;47.3594250643,15.0988832955;PM10;EEA Austria;µg/m³;7.0;2016-12-12T10:00:00+01:00;Austria
AT;Austria;Wien Lobau - Grundwasserwerk;48.1624895263,16.5266656081;O3;EEA Austria;µg/m³;32.0;2016-12-12T10:00:00+01:00;Austria
AT;Austria;Lienz Amlacherkreuzung;46.8280347551,12.7655991765;CO;EEA Austria;µg/m³;995.0;2016-12-12T10:00:00+01:00;Austria
AT;Austria;Lienz Tristacher See Straße;46.8191835181,12.7658686711;NO2;EEA Austria;µg/m³;22.0;2016-12-12T10:00:00+01:00;Austria
AT;Austria;Graz Nord;47.0955241068,15.4141919602;O3;EEA Austria;µg/m³;3.0;2016-12-12T10:00:00+01:00;Austria
AT;Austria;Innsbruck Sadrach;47.2711164368,11.3666527845;NO2;EEA Austria;µg/m³;52.0;2016-12-12T10:00:00+01:00;Austria
AT;Austria;Dunkelsteinerwald;48.3711226232,15.5466934646;NO2;EEA Austria;µg/m³;9.0;2016-12-12T10:00:00+01:00;Austria
AT;Austria;St. Pölten - Eybnerstraße;48.2114203668,15.6316740905;O3;EEA Austria;µg/m³;39.0;2016-12-12T10:00:00+01:00;Austria
AT;Austria;Gärberbach - Brennerautobahn;47.2400210767,11.3908174657;PM10;EEA Austria;µg/m³;38.0;2016-12-12T10:00:00+01:00;Austria
AT;Oberösterreich;AT4S406;48.1649999995,14.035556;PM2.5;EEA Austria;µg/m³;21.42149925;2021-11-25T10:00:00+01:00;Austria
AT;Oberösterreich;AT4S416;48.2744444435,14.3147222;PM2.5;EEA Austria;µg/m³;23.92350006;2021-11-25T10:00:00+01:00;Austria
AT;Steiermark;AT60194;47.6047222217,15.6730555556;PM10;EEA Austria;µg/m³;31.38569259;2021-11-25T10:00:00+01:00;Austria
AT;Oberösterreich;AT4S415;48.3233329995,14.2977778;NO2;EEA Austria;µg/m³;28.20999908;2021-11-25T10:00:00+01:00;Austria
AT;Vorarlberg;AT81919;47.2394449995,9.597696;CO;EEA Austria;µg/m³;454.7165;2021-11-25T10:00:00+01:00;Austria
AT;Steiermark;AT60164;47.0556109995,15.416603;SO2;EEA Austria;µg/m³;1.81390202;2021-11-25T10:00:00+01:00;Austria
AT;Steiermark;AT60151;46.8713888884,15.4958333333;NO2;EEA Austria;µg/m³;20.85909271;2021-11-25T10:00:00+01:00;Austria
AT;Steiermark;AT60156;47.3480599995,15.882222;NO2;EEA Austria;µg/m³;5.42989397;2021-11-25T10:00:00+01:00;Austria
AT;Wien;AT9STEF;48.2081499995,16.3732536111;NO2;EEA Austria;µg/m³;14.55089759;2021-11-25T10:00:00+01:00;Austria
AT;Niederösterreich;AT30401;48.3347199995,16.729445;PM10;EEA Austria;µg/m³;30.0;2021-11-25T10:00:00+01:00;Austria
AT;Kärnten;AT2WO15;46.8349999995,14.8436111111;SO2;EEA Austria;µg/m³;3.94000005;2021-11-25T10:00:00+01:00;Austria
AT;Steiermark;AT60036;47.0670111106,15.4936888889;O3;EEA Austria;µg/m³;5.859;2021-11-25T10:00:00+01:00;Austria
AT;Steiermark;AT60138;47.0943611106,15.4151111111;O3;EEA Austria;µg/m³;5.375;2021-11-25T10:00:00+01:00;Austria
AT;Steiermark;AT60138;47.0943611106,15.4151111111;PM10;EEA Austria;µg/m³;34.9377098;2021-11-25T10:00:00+01:00;Austria
AT;Steiermark;AT60143;47.3824999995,15.0891666667;O3;EEA Austria;µg/m³;6.478;2021-11-25T10:00:00+01:00;Austria
AT;Steiermark;AT60143;47.3824999995,15.0891666667;NO2;EEA Austria;µg/m³;29.71009063;2021-11-25T10:00:00+01:00;Austria
AT;Wien;AT9SCHA;48.2353699995,16.301563;SO2;EEA Austria;µg/m³;3.13985586;2021-11-25T10:00:00+01:00;Austria
AT;Wien;AT9SCHA;48.2353699995,16.301563;NO2;EEA Austria;µg/m³;21.22440528;2021-11-25T09:00:00+01:00;Austria
AT;Steiermark;AT60136;47.1202777772,15.3511111111;NO2;EEA Austria;µg/m³;25.36109542;2021-11-25T10:00:00+01:00;Austria
AT;Niederösterreich;AT31701;48.3702779995,15.543611;SO2;EEA Austria;µg/m³;3.30000019;2021-11-25T10:00:00+01:00;Austria
AT;Austria;Bad Vöslau - Gainfarn;47.9599829273,16.2069551984;NO2;EEA Austria;µg/m³;8.0;2016-12-12T09:00:00+01:00;Austria
AT;Austria;Graz Mitte Gries;47.0691596333,15.4317091082;NO2;EEA Austria;µg/m³;71.0;2016-12-12T10:00:00+01:00;Austria
AT;Austria;Sonnblick;47.0544730645,12.9583776365;O3;EEA Austria;µg/m³;81.0;2016-12-12T10:00:00+01:00;Austria
AT;Austria;Gänserndorf;48.3347076441,16.7305831776;O3;EEA Austria;µg/m³;37.0;2016-12-12T10:00:00+01:00;Austria
AT;Austria;Kufstein Praxmarerstraße;47.5863981913,12.1736094043;PM10;EEA Austria;µg/m³;12.0;2016-12-12T10:00:00+01:00;Austria
AT;Austria;Wien Hermannskogel;48.2711280763,16.2989426835;O3;EEA Austria;µg/m³;52.0;2016-12-12T10:00:00+01:00;Austria
AT;Austria;Wald am Arlberg;47.1278043348,10.0469378006;NO2;EEA Austria;µg/m³;20.0;2016-12-12T10:00:00+01:00;Austria
AT;Austria;St. Valentin A1;48.1799830247,14.545610912;O3;EEA Austria;µg/m³;41.0;2016-12-12T10:00:00+01:00;Austria
AT;Austria;Illmitz;47.7700243274,16.7664259574;SO2;EEA Austria;µg/m³;0.0;2016-12-12T10:00:00+01:00;Austria
AT;Austria;Kramsach Angerberg;47.4591880767,11.9105826891;NO2;EEA Austria;µg/m³;30.0;2016-12-12T10:00:00+01:00;Austria
AT;Austria;Salzburg Mirabellplatz;47.8061169392,13.0461430397;PM10;EEA Austria;µg/m³;11.0;2016-12-12T10:00:00+01:00;Austria
