NUTS1;NUTS2;SEX;GIVEN_NAME;NUMBER;REF_YEAR
AT3;AT33;1;Jakob;109;2018
AT3;AT33;1;Maximilian;86;2018
AT3;AT33;1;David;82;2018
AT3;AT33;1;Felix;81;2018
AT3;AT33;1;Elias;79;2018
AT3;AT33;1;Lukas;79;2018
AT3;AT33;1;Paul;79;2018
AT3;AT33;1;Alexander;69;2018
AT3;AT33;1;Matteo;64;2018
AT3;AT33;1;Tobias;63;2018
AT3;AT33;1;Julian;62;2018
AT3;AT33;1;Raphael;61;2018
AT3;AT33;1;Samuel;61;2018
AT3;AT33;1;Simon;58;2018
AT3;AT33;1;Leo;57;2018
AT3;AT33;1;Luca;55;2018
AT3;AT33;1;Moritz;55;2018
AT3;AT33;1;Luis;53;2018
AT3;AT33;1;Leon;52;2018
AT3;AT33;1;Matthias;51;2018
AT3;AT33;1;Noah;48;2018
AT3;AT33;1;Jonas;45;2018
AT3;AT33;1;Sebastian;45;2018
AT3;AT33;1;Fabian;42;2018
AT3;AT33;1;Florian;42;2018
AT3;AT33;1;Johannes;42;2018
AT3;AT33;1;Philipp;41;2018
AT3;AT33;1;Ben;36;2018
AT3;AT33;1;Anton;35;2018
AT3;AT33;1;Max;35;2018
AT3;AT33;1;Andreas;32;2018
AT3;AT33;1;Gabriel;32;2018
AT3;AT33;1;Daniel;31;2018
AT3;AT33;1;Dominik;31;2018
AT3;AT33;1;Benjamin;30;2018
AT3;AT33;1;Manuel;30;2018
AT3;AT33;1;Emil;29;2018
AT3;AT33;1;Lorenz;29;2018
AT3;AT33;1;Valentin;27;2018
AT3;AT33;1;Liam;25;2018
AT3;AT33;1;Finn;24;2018
AT3;AT33;1;Vincent;24;2018
AT3;AT33;1;Kilian;23;2018
AT3;AT33;1;Fabio;21;2018
AT3;AT33;1;Josef;21;2018
AT3;AT33;1;Adam;20;2018
AT3;AT33;1;Michael;20;2018
AT3;AT33;1;Adrian;19;2018
AT3;AT33;1;Nico;19;2018
AT3;AT33;1;Thomas;19;2018
AT3;AT33;1;Eliah;17;2018
AT3;AT33;1;Levi;17;2018
AT3;AT33;1;Martin;17;2018
AT3;AT33;1;Leonhard;15;2018
AT3;AT33;1;Noel;15;2018
AT3;AT33;1;Theo;15;2018
AT3;AT33;1;Laurin;14;2018
AT3;AT33;1;Xaver;13;2018
AT3;AT33;1;Benedikt;12;2018
AT3;AT33;1;Julius;12;2018
AT3;AT33;1;Niklas;12;2018
AT3;AT33;1;Arthur;11;2018
AT3;AT33;1;Clemens;11;2018
AT3;AT33;1;Emanuel;11;2018
AT3;AT33;1;Konstantin;11;2018
AT3;AT33;1;Marcel;11;2018
AT3;AT33;1;Patrick;11;2018
AT3;AT33;1;Peter;11;2018
AT3;AT33;1;Aaron;10;2018
AT3;AT33;1;Christian;10;2018
AT3;AT33;1;Hannes;10;2018
AT3;AT33;1;Jonathan;10;2018
AT3;AT33;1;Linus;10;2018
AT3;AT33;1;Oliver;10;2018
AT3;AT33;1;Oskar;10;2018
AT3;AT33;1;Stefan;10;2018
AT3;AT33;1;Yusuf;10;2018
AT3;AT33;1;Alessandro;9;2018
AT3;AT33;1;Georg;9;2018
AT3;AT33;1;Leopold;9;2018
AT3;AT33;1;Mario;9;2018
AT3;AT33;1;Toni;9;2018
AT3;AT33;1;Ali;8;2018
AT3;AT33;1;Emilian;8;2018
AT3;AT33;1;Franz;8;2018
AT3;AT33;1;Hamza;8;2018
AT3;AT33;1;Henri;8;2018
AT3;AT33;1;Johann;8;2018
AT3;AT33;1;Lenny;8;2018
AT3;AT33;1;Markus;8;2018
AT3;AT33;1;Theodor;8;2018
AT3;AT33;1;Alessio;7;2018
AT3;AT33;1;Alois;7;2018
AT3;AT33;1;Armin;7;2018
AT3;AT33;1;Christoph;7;2018
AT3;AT33;1;Damian;7;2018
AT3;AT33;1;Emir;7;2018
AT3;AT33;1;Eymen;7;2018
AT3;AT33;1;Jamie;7;2018
AT3;AT33;1;Jonah;7;2018
AT3;AT33;2;Sophia;104;2018
AT3;AT33;2;Anna;99;2018
AT3;AT33;2;Emma;83;2018
AT3;AT33;2;Hannah;81;2018
AT3;AT33;2;Laura;70;2018
AT3;AT33;2;Lena;59;2018
AT3;AT33;2;Valentina;58;2018
AT3;AT33;2;Marie;57;2018
AT3;AT33;2;Johanna;56;2018
AT3;AT33;2;Emilia;55;2018
AT3;AT33;2;Sarah;54;2018
AT3;AT33;2;Mia;52;2018
AT3;AT33;2;Greta;51;2018
AT3;AT33;2;Lea;47;2018
AT3;AT33;2;Lina;47;2018
AT3;AT33;2;Leonie;45;2018
AT3;AT33;2;Eva;41;2018
AT3;AT33;2;Sophie;40;2018
AT3;AT33;2;Lara;39;2018
AT3;AT33;2;Klara;38;2018
AT3;AT33;2;Ella;36;2018
AT3;AT33;2;Leni;36;2018
AT3;AT33;2;Elena;35;2018
AT3;AT33;2;Magdalena;35;2018
AT3;AT33;2;Theresa;35;2018
AT3;AT33;2;Luisa;34;2018
AT3;AT33;2;Katharina;31;2018
AT3;AT33;2;Nora;31;2018
AT3;AT33;2;Julia;30;2018
AT3;AT33;2;Amelie;28;2018
AT3;AT33;2;Helena;28;2018
AT3;AT33;2;Emily;26;2018
AT3;AT33;2;Maria;26;2018
AT3;AT33;2;Ida;25;2018
AT3;AT33;2;Olivia;25;2018
AT3;AT33;2;Rosa;25;2018
AT3;AT33;2;Paula;24;2018
AT3;AT33;2;Elisa;23;2018
AT3;AT33;2;Alina;22;2018
AT3;AT33;2;Flora;20;2018
AT3;AT33;2;Isabella;20;2018
AT3;AT33;2;Selina;20;2018
AT3;AT33;2;Linda;18;2018
AT3;AT33;2;Lisa;18;2018
AT3;AT33;2;Antonia;17;2018
AT3;AT33;2;Melina;17;2018
AT3;AT33;2;Mila;17;2018
AT3;AT33;2;Viktoria;17;2018
AT3;AT33;2;Anna-Lena;16;2018
AT3;AT33;2;Lia;16;2018
AT3;AT33;2;Lilly;16;2018
AT3;AT33;2;Melissa;16;2018
AT3;AT33;2;Mona;16;2018
AT3;AT33;2;Frida;15;2018
AT3;AT33;2;Maja;15;2018
AT3;AT33;2;Matilda;15;2018
AT3;AT33;2;Miriam;15;2018
AT3;AT33;2;Nina;15;2018
AT3;AT33;2;Elisabeth;14;2018
AT3;AT33;2;Maya;14;2018
AT3;AT33;2;Lorena;13;2018
AT3;AT33;2;Mara;13;2018
AT3;AT33;2;Paulina;13;2018
AT3;AT33;2;Vanessa;13;2018
AT3;AT33;2;Franziska;12;2018
AT3;AT33;2;Heidi;12;2018
AT3;AT33;2;Elina;11;2018
AT3;AT33;2;Jana;11;2018
AT3;AT33;2;Jasmin;11;2018
AT3;AT33;2;Mathilda;11;2018
AT3;AT33;2;Alma;10;2018
AT3;AT33;2;Fabienne;10;2018
AT3;AT33;2;Frieda;10;2018
AT3;AT33;2;Rosalie;10;2018
AT3;AT33;2;Charlotte;9;2018
AT3;AT33;2;Diana;9;2018
AT3;AT33;2;Livia;9;2018
AT3;AT33;2;Marina;9;2018
AT3;AT33;2;Pia;9;2018
AT3;AT33;2;Stella;9;2018
AT3;AT33;2;Zeynep;9;2018
AT3;AT33;2;Aurelia;8;2018
AT3;AT33;2;Ilvy;8;2018
AT3;AT33;2;Liya;8;2018
AT3;AT33;2;Marlena;8;2018
AT3;AT33;2;Martha;8;2018
AT3;AT33;2;Ronja;8;2018
AT3;AT33;2;Sina;8;2018
AT3;AT33;2;Alice;7;2018
AT3;AT33;2;Amalia;7;2018
AT3;AT33;2;Carla;7;2018
AT3;AT33;2;Chiara;7;2018
AT3;AT33;2;Christina;7;2018
AT3;AT33;2;Fiona;7;2018
AT3;AT33;2;Marlene;7;2018
AT3;AT33;2;Victoria;7;2018
AT3;AT33;2;Angelina;6;2018
AT3;AT33;2;Carina;6;2018
AT3;AT33;2;Carolina;6;2018
AT3;AT33;2;Defne;6;2018
AT3;AT33;1;Anna;47;2017
AT3;AT33;1;Emma;47;2017
AT3;AT33;1;Lukas;45;2017
AT3;AT33;1;Jakob;44;2017
AT3;AT33;1;Tobias;43;2017
AT3;AT33;1;Maximilian;42;2017
AT3;AT33;1;Paul;42;2017
AT3;AT33;1;Felix;40;2017
AT3;AT33;1;Raphael;40;2017
AT3;AT33;1;David;39;2017
AT3;AT33;1;Elias;39;2017
AT3;AT33;1;Lea;39;2017
AT3;AT33;1;Hannah;38;2017
AT3;AT33;1;Simon;37;2017
AT3;AT33;1;Johannes;35;2017
AT3;AT33;1;Samuel;34;2017
AT3;AT33;1;Jonas;33;2017
AT3;AT33;1;Lena;33;2017
AT3;AT33;1;Luis;33;2017
AT3;AT33;1;Sophia;32;2017
AT3;AT33;1;Alexander;31;2017
AT3;AT33;1;Fabian;31;2017
AT3;AT33;1;Luca;31;2017
AT3;AT33;1;Moritz;31;2017
AT3;AT33;1;Laura;30;2017
AT3;AT33;1;Lorenz;30;2017
AT3;AT33;1;Emilia;29;2017
AT3;AT33;1;Florian;28;2017
AT3;AT33;1;Leon;28;2017
AT3;AT33;1;Mia;28;2017
AT3;AT33;1;Marie;27;2017
AT3;AT33;1;Matthias;27;2017
AT3;AT33;1;Noah;27;2017
AT3;AT33;1;Julian;25;2017
AT3;AT33;1;Max;24;2017
AT3;AT33;1;Anton;23;2017
AT3;AT33;1;Emil;23;2017
AT3;AT33;1;Matteo;23;2017
AT3;AT33;1;Johanna;22;2017
AT3;AT33;1;Julia;22;2017
AT3;AT33;1;Philipp;22;2017
AT3;AT33;1;Sarah;22;2017
AT3;AT33;1;Eva;21;2017
AT3;AT33;1;Leo;21;2017
AT3;AT33;1;Lara;20;2017
AT3;AT33;1;Rosa;20;2017
AT3;AT33;1;Josef;19;2017
AT3;AT33;1;Leonie;19;2017
AT3;AT33;1;Michael;19;2017
AT3;AT33;1;Paula;19;2017
AT3;AT33;1;Valentina;19;2017
AT3;AT33;1;Amelie;18;2017
AT3;AT33;1;Magdalena;18;2017
AT3;AT33;1;Maria;18;2017
AT3;AT33;1;Gabriel;17;2017
AT3;AT33;1;Greta;17;2017
AT3;AT33;1;Lisa;17;2017
AT3;AT33;1;Alina;16;2017
AT3;AT33;1;Benjamin;16;2017
AT3;AT33;1;Ella;16;2017
AT3;AT33;1;Leni;16;2017
AT3;AT33;1;Luisa;16;2017
AT3;AT33;1;Nina;16;2017
AT3;AT33;1;Antonia;15;2017
AT3;AT33;1;Elena;15;2017
AT3;AT33;1;Jonathan;15;2017
AT3;AT33;1;Klara;15;2017
AT3;AT33;1;Sophie;15;2017
AT3;AT33;1;Theresa;15;2017
AT3;AT33;1;Elisa;14;2017
AT3;AT33;1;Fabio;14;2017
AT3;AT33;1;Katharina;14;2017
AT3;AT33;1;Linda;14;2017
AT3;AT33;1;Sebastian;14;2017
AT3;AT33;1;Valentin;14;2017
AT3;AT33;1;Andreas;13;2017
AT3;AT33;1;Daniel;13;2017
AT3;AT33;1;Lorena;13;2017
AT3;AT33;1;Selina;13;2017
AT3;AT33;1;Adrian;12;2017
AT3;AT33;1;Anna-Lena;12;2017
AT3;AT33;1;Dominik;12;2017
AT3;AT33;1;Finn;12;2017
AT3;AT33;1;Hannes;12;2017
AT3;AT33;1;Vincent;12;2017
AT3;AT33;1;Elina;11;2017
AT3;AT33;1;Ida;11;2017
AT3;AT33;1;Kilian;11;2017
AT3;AT33;1;Lilly;11;2017
AT3;AT33;1;Linus;11;2017
AT3;AT33;1;Manuel;11;2017
AT3;AT33;1;Matilda;11;2017
AT3;AT33;1;Niklas;11;2017
AT3;AT33;1;Nora;11;2017
AT3;AT33;1;Ben;10;2017
AT3;AT33;1;Eliah;10;2017
AT3;AT33;1;Jana;10;2017
AT3;AT33;1;Marco;10;2017
AT3;AT33;1;Olivia;10;2017
AT3;AT33;1;Rosalie;10;2017
AT3;AT33;2;Sophia;50;2017
AT3;AT33;2;Anna;47;2017
AT3;AT33;2;Maximilian;47;2017
AT3;AT33;2;Paul;44;2017
AT3;AT33;2;Emma;43;2017
AT3;AT33;2;Felix;42;2017
AT3;AT33;2;Simon;42;2017
AT3;AT33;2;David;40;2017
AT3;AT33;2;Elias;38;2017
AT3;AT33;2;Hannah;38;2017
AT3;AT33;2;Lukas;36;2017
AT3;AT33;2;Jakob;35;2017
AT3;AT33;2;Jonas;34;2017
AT3;AT33;2;Sarah;33;2017
AT3;AT33;2;Alexander;30;2017
AT3;AT33;2;Leon;30;2017
AT3;AT33;2;Luis;30;2017
AT3;AT33;2;Tobias;30;2017
AT3;AT33;2;Mia;29;2017
AT3;AT33;2;Raphael;29;2017
AT3;AT33;2;Sophie;29;2017
AT3;AT33;2;Florian;28;2017
AT3;AT33;2;Marie;28;2017
AT3;AT33;2;Samuel;28;2017
AT3;AT33;2;Valentina;28;2017
AT3;AT33;2;Laura;27;2017
AT3;AT33;2;Leonie;27;2017
AT3;AT33;2;Lea;26;2017
AT3;AT33;2;Lena;26;2017
AT3;AT33;2;Matteo;26;2017
AT3;AT33;2;Matthias;26;2017
AT3;AT33;2;Rosa;25;2017
AT3;AT33;2;Daniel;24;2017
AT3;AT33;2;Theresa;24;2017
AT3;AT33;2;Luca;23;2017
AT3;AT33;2;Philipp;23;2017
AT3;AT33;2;Emilia;22;2017
AT3;AT33;2;Leo;22;2017
AT3;AT33;2;Noah;22;2017
AT3;AT33;2;Eva;21;2017
AT3;AT33;2;Johannes;21;2017
AT3;AT33;2;Julian;21;2017
AT3;AT33;2;Sebastian;21;2017
AT3;AT33;2;Anton;20;2017
AT3;AT33;2;Fabian;20;2017
AT3;AT33;2;Niklas;20;2017
AT3;AT33;2;Andreas;19;2017
AT3;AT33;2;Johanna;19;2017
AT3;AT33;2;Lina;19;2017
AT3;AT33;2;Lorenz;19;2017
AT3;AT33;2;Moritz;19;2017
AT3;AT33;2;Greta;18;2017
AT3;AT33;2;Julia;18;2017
AT3;AT33;2;Katharina;18;2017
AT3;AT33;2;Paula;18;2017
AT3;AT33;2;Elena;17;2017
AT3;AT33;2;Fabio;17;2017
AT3;AT33;2;Amelie;16;2017
AT3;AT33;2;Josef;16;2017
AT3;AT33;2;Lara;16;2017
AT3;AT33;2;Marcel;16;2017
AT3;AT33;2;Nico;16;2017
AT3;AT33;2;Ben;15;2017
AT3;AT33;2;Manuel;15;2017
AT3;AT33;2;Maria;15;2017
AT3;AT33;2;Gabriel;14;2017
AT3;AT33;2;Jana;14;2017
AT3;AT33;2;Klara;14;2017
AT3;AT33;2;Liam;14;2017
AT3;AT33;2;Ella;13;2017
AT3;AT33;2;Luisa;13;2017
AT3;AT33;2;Magdalena;13;2017
AT3;AT33;2;Michael;13;2017
AT3;AT33;2;Olivia;13;2017
AT3;AT33;2;Antonia;12;2017
AT3;AT33;2;Elisa;12;2017
AT3;AT33;2;Leni;12;2017
AT3;AT33;2;Levi;12;2017
AT3;AT33;2;Lorena;12;2017
AT3;AT33;2;Nora;12;2017
AT3;AT33;2;Selina;12;2017
AT3;AT33;2;Valentin;12;2017
AT3;AT33;2;Benjamin;11;2017
AT3;AT33;2;Eliah;11;2017
AT3;AT33;2;Emily;11;2017
AT3;AT33;2;Franziska;11;2017
AT3;AT33;2;Lia;11;2017
AT3;AT33;2;Adrian;10;2017
AT3;AT33;2;Alina;10;2017
AT3;AT33;2;Emil;10;2017
AT3;AT33;2;Linda;10;2017
AT3;AT33;2;Max;10;2017
AT3;AT33;2;Thomas;10;2017
AT3;AT33;2;Dominik;9;2017
AT3;AT33;2;Ida;9;2017
AT3;AT33;2;Lisa;9;2017
AT3;AT33;2;Maya;9;2017
AT3;AT33;2;Nina;9;2017
AT3;AT33;2;Peter;9;2017
AT3;AT33;2;Stefan;9;2017
AT3;AT33;1;Anna;68;2016
AT3;AT33;1;Elias;60;2016
AT3;AT33;1;Maximilian;52;2016
AT3;AT33;1;Emma;48;2016
AT3;AT33;1;Hannah;43;2016
AT3;AT33;1;Paul;43;2016
AT3;AT33;1;Raphael;43;2016
AT3;AT33;1;Laura;42;2016
AT3;AT33;1;Sophia;42;2016
AT3;AT33;1;David;39;2016
AT3;AT33;1;Simon;38;2016
AT3;AT33;1;Felix;37;2016
AT3;AT33;1;Lena;37;2016
AT3;AT33;1;Mia;37;2016
AT3;AT33;1;Tobias;36;2016
AT3;AT33;1;Matteo;34;2016
AT3;AT33;1;Matthias;34;2016
AT3;AT33;1;Samuel;34;2016
AT3;AT33;1;Alexander;33;2016
AT3;AT33;1;Marie;33;2016
AT3;AT33;1;Noah;33;2016
AT3;AT33;1;Emilia;32;2016
AT3;AT33;1;Lara;32;2016
AT3;AT33;1;Lea;31;2016
AT3;AT33;1;Lukas;30;2016
AT3;AT33;1;Sarah;30;2016
AT3;AT33;1;Fabian;29;2016
AT3;AT33;1;Leon;29;2016
AT3;AT33;1;Luis;29;2016
AT3;AT33;1;Leo;28;2016
AT3;AT33;1;Valentina;28;2016
AT3;AT33;1;Jakob;27;2016
AT3;AT33;1;Sophie;26;2016
AT3;AT33;1;Florian;25;2016
AT3;AT33;1;Moritz;25;2016
AT3;AT33;1;Philipp;25;2016
AT3;AT33;1;Jonas;24;2016
AT3;AT33;1;Leonie;24;2016
AT3;AT33;1;Julian;23;2016
AT3;AT33;1;Max;23;2016
AT3;AT33;1;Gabriel;21;2016
AT3;AT33;1;Lorenz;21;2016
AT3;AT33;1;Sebastian;20;2016
AT3;AT33;1;Anton;19;2016
AT3;AT33;1;Daniel;19;2016
AT3;AT33;1;Eva;19;2016
AT3;AT33;1;Julia;19;2016
AT3;AT33;1;Benjamin;18;2016
AT3;AT33;1;Ella;18;2016
AT3;AT33;1;Greta;18;2016
AT3;AT33;1;Michael;18;2016
AT3;AT33;1;Theresa;18;2016
AT3;AT33;1;Valentin;18;2016
AT3;AT33;1;Dominik;17;2016
AT3;AT33;1;Lina;17;2016
AT3;AT33;1;Luisa;17;2016
AT3;AT33;1;Ben;16;2016
AT3;AT33;1;Jana;16;2016
AT3;AT33;1;Johanna;16;2016
AT3;AT33;1;Luca;16;2016
AT3;AT33;1;Niklas;16;2016
AT3;AT33;1;Nina;16;2016
AT3;AT33;1;Isabella;15;2016
AT3;AT33;1;Katharina;15;2016
AT3;AT33;1;Klara;15;2016
AT3;AT33;1;Linda;15;2016
AT3;AT33;1;Maria;15;2016
AT3;AT33;1;Nora;15;2016
AT3;AT33;1;Elena;14;2016
AT3;AT33;1;Johannes;14;2016
AT3;AT33;1;Magdalena;14;2016
AT3;AT33;1;Nico;14;2016
AT3;AT33;1;Adrian;13;2016
AT3;AT33;1;Josef;13;2016
AT3;AT33;1;Lilly;13;2016
AT3;AT33;1;Lorena;13;2016
AT3;AT33;1;Liam;12;2016
AT3;AT33;1;Mona;12;2016
AT3;AT33;1;Paula;12;2016
AT3;AT33;1;Rosa;12;2016
AT3;AT33;1;Andreas;11;2016
AT3;AT33;1;Anna-Lena;11;2016
AT3;AT33;1;Linus;11;2016
AT3;AT33;1;Lisa;11;2016
AT3;AT33;1;Martin;11;2016
AT3;AT33;1;Thomas;11;2016
AT3;AT33;1;Alina;10;2016
AT3;AT33;1;Miriam;10;2016
AT3;AT33;1;Vincent;10;2016
AT3;AT33;1;Antonia;9;2016
AT3;AT33;1;Elina;9;2016
AT3;AT33;1;Franziska;9;2016
AT3;AT33;1;Helena;9;2016
AT3;AT33;1;Manuel;9;2016
AT3;AT33;1;Marcel;9;2016
AT3;AT33;1;Amelie;8;2016
AT3;AT33;1;Annika;8;2016
AT3;AT33;1;Elif;8;2016
AT3;AT33;1;Elisa;8;2016
AT3;AT33;1;Elisabeth;8;2016
AT3;AT33;2;Anna;55;2016
AT3;AT33;2;David;55;2016
AT3;AT33;2;Sophia;50;2016
AT3;AT33;2;Maximilian;48;2016
AT3;AT33;2;Emma;47;2016
AT3;AT33;2;Felix;45;2016
AT3;AT33;2;Lukas;45;2016
AT3;AT33;2;Jakob;41;2016
AT3;AT33;2;Tobias;38;2016
AT3;AT33;2;Hannah;37;2016
AT3;AT33;2;Elias;35;2016
AT3;AT33;2;Jonas;35;2016
AT3;AT33;2;Marie;35;2016
AT3;AT33;2;Alexander;33;2016
AT3;AT33;2;Lena;32;2016
AT3;AT33;2;Leo;32;2016
AT3;AT33;2;Leon;32;2016
AT3;AT33;2;Paul;32;2016
AT3;AT33;2;Moritz;31;2016
AT3;AT33;2;Raphael;31;2016
AT3;AT33;2;Laura;30;2016
AT3;AT33;2;Matthias;30;2016
AT3;AT33;2;Samuel;30;2016
AT3;AT33;2;Julia;28;2016
AT3;AT33;2;Julian;28;2016
AT3;AT33;2;Sarah;28;2016
AT3;AT33;2;Fabian;27;2016
AT3;AT33;2;Lea;27;2016
AT3;AT33;2;Sebastian;27;2016
AT3;AT33;2;Emilia;26;2016
AT3;AT33;2;Emily;26;2016
AT3;AT33;2;Noah;26;2016
AT3;AT33;2;Max;25;2016
AT3;AT33;2;Magdalena;24;2016
AT3;AT33;2;Daniel;23;2016
AT3;AT33;2;Florian;23;2016
AT3;AT33;2;Luca;23;2016
AT3;AT33;2;Matteo;23;2016
AT3;AT33;2;Valentina;23;2016
AT3;AT33;2;Simon;22;2016
AT3;AT33;2;Johannes;21;2016
AT3;AT33;2;Luisa;21;2016
AT3;AT33;2;Maria;20;2016
AT3;AT33;2;Katharina;19;2016
AT3;AT33;2;Luis;19;2016
AT3;AT33;2;Leonie;18;2016
AT3;AT33;2;Lorenz;18;2016
AT3;AT33;2;Philipp;18;2016
AT3;AT33;2;Johanna;17;2016
AT3;AT33;2;Lina;17;2016
AT3;AT33;2;Mia;17;2016
AT3;AT33;2;Paula;17;2016
AT3;AT33;2;Elena;16;2016
AT3;AT33;2;Isabella;16;2016
AT3;AT33;2;Josef;16;2016
AT3;AT33;2;Lara;16;2016
AT3;AT33;2;Theresa;16;2016
AT3;AT33;2;Andreas;15;2016
AT3;AT33;2;Manuel;15;2016
AT3;AT33;2;Michael;15;2016
AT3;AT33;2;Nora;15;2016
AT3;AT33;2;Dominik;14;2016
AT3;AT33;2;Klara;14;2016
AT3;AT33;2;Leni;14;2016
AT3;AT33;2;Liam;14;2016
AT3;AT33;2;Sophie;14;2016
AT3;AT33;2;Alina;13;2016
AT3;AT33;2;Anton;13;2016
AT3;AT33;2;Kilian;13;2016
AT3;AT33;2;Nina;13;2016
AT3;AT33;2;Amelie;12;2016
AT3;AT33;2;Anna-Lena;12;2016
AT3;AT33;2;Fabio;12;2016
AT3;AT33;2;Gabriel;12;2016
AT3;AT33;2;Helena;12;2016
AT3;AT33;2;Lisa;12;2016
AT3;AT33;2;Lorena;12;2016
AT3;AT33;2;Niklas;12;2016
AT3;AT33;2;Antonia;11;2016
AT3;AT33;2;Ben;11;2016
AT3;AT33;2;Benjamin;11;2016
AT3;AT33;2;Eva;11;2016
AT3;AT33;2;Miriam;11;2016
AT3;AT33;2;Ella;10;2016
AT3;AT33;2;Jana;10;2016
AT3;AT33;2;Jonathan;10;2016
AT3;AT33;2;Livia;10;2016
AT3;AT33;2;Marcel;10;2016
AT3;AT33;2;Christoph;9;2016
AT3;AT33;2;Finn;9;2016
AT3;AT33;2;Laurin;9;2016
AT3;AT33;2;Linda;9;2016
AT3;AT33;2;Marco;9;2016
AT3;AT33;2;Martin;9;2016
AT3;AT33;2;Mona;9;2016
AT3;AT33;2;Rosa;9;2016
AT3;AT33;2;Selina;9;2016
AT3;AT33;2;Thomas;9;2016
AT3;AT33;2;Flora;8;2016
AT3;AT33;2;Hannes;8;2016
AT3;AT33;1;David;124;2015
AT3;AT33;1;Jakob;93;2015
AT3;AT33;1;Lukas;83;2015
AT3;AT33;1;Elias;82;2015
AT3;AT33;1;Paul;79;2015
AT3;AT33;1;Simon;78;2015
AT3;AT33;1;Maximilian;75;2015
AT3;AT33;1;Felix;68;2015
AT3;AT33;1;Matteo;68;2015
AT3;AT33;1;Luca;66;2015
AT3;AT33;1;Raphael;62;2015
AT3;AT33;1;Leo;58;2015
AT3;AT33;1;Fabian;57;2015
AT3;AT33;1;Jonas;57;2015
AT3;AT33;1;Tobias;57;2015
AT3;AT33;1;Alexander;55;2015
AT3;AT33;1;Luis;55;2015
AT3;AT33;1;Noah;53;2015
AT3;AT33;1;Leon;51;2015
AT3;AT33;1;Julian;50;2015
AT3;AT33;1;Moritz;49;2015
AT3;AT33;1;Matthias;48;2015
AT3;AT33;1;Samuel;45;2015
AT3;AT33;1;Philipp;44;2015
AT3;AT33;1;Johannes;40;2015
AT3;AT33;1;Benjamin;36;2015
AT3;AT33;1;Florian;36;2015
AT3;AT33;1;Dominik;35;2015
AT3;AT33;1;Valentin;35;2015
AT3;AT33;1;Lorenz;34;2015
AT3;AT33;1;Gabriel;32;2015
AT3;AT33;1;Daniel;30;2015
AT3;AT33;1;Andreas;29;2015
AT3;AT33;1;Kilian;29;2015
AT3;AT33;1;Sebastian;29;2015
AT3;AT33;1;Finn;28;2015
AT3;AT33;1;Manuel;28;2015
AT3;AT33;1;Max;27;2015
AT3;AT33;1;Liam;26;2015
AT3;AT33;1;Ben;25;2015
AT3;AT33;1;Josef;24;2015
AT3;AT33;1;Michael;24;2015
AT3;AT33;1;Thomas;23;2015
AT3;AT33;1;Adrian;22;2015
AT3;AT33;1;Emil;22;2015
AT3;AT33;1;Anton;20;2015
AT3;AT33;1;Niklas;19;2015
AT3;AT33;1;Stefan;19;2015
AT3;AT33;1;Vincent;19;2015
AT3;AT33;1;Aaron;18;2015
AT3;AT33;1;Eliah;18;2015
AT3;AT33;1;Laurin;18;2015
AT3;AT33;1;Fabio;17;2015
AT3;AT33;1;Marcel;17;2015
AT3;AT33;1;Marco;17;2015
AT3;AT33;1;Jonathan;16;2015
AT3;AT33;1;Linus;16;2015
AT3;AT33;1;Noel;16;2015
AT3;AT33;1;Martin;15;2015
AT3;AT33;1;Nico;15;2015
AT3;AT33;1;Oliver;14;2015
AT3;AT33;1;Yusuf;14;2015
AT3;AT33;1;Muhammed;13;2015
AT3;AT33;1;Christoph;12;2015
AT3;AT33;1;Clemens;12;2015
AT3;AT33;1;Hannes;12;2015
AT3;AT33;1;Benedikt;11;2015
AT3;AT33;1;Christian;11;2015
AT3;AT33;1;Franz;11;2015
AT3;AT33;1;Levi;11;2015
AT3;AT33;1;Theo;11;2015
AT3;AT33;1;Xaver;11;2015
AT3;AT33;1;Emir;10;2015
AT3;AT33;1;Mario;10;2015
AT3;AT33;1;Peter;10;2015
AT3;AT33;1;Lenny;9;2015
AT3;AT33;1;Mira\E7;9;2015
AT3;AT33;1;Ali;8;2015
AT3;AT33;1;Damian;8;2015
AT3;AT33;1;Emilio;8;2015
AT3;AT33;1;Georg;8;2015
AT3;AT33;1;Johann;8;2015
AT3;AT33;1;Leonhard;8;2015
AT3;AT33;1;Louis;8;2015
AT3;AT33;1;Mert;8;2015
AT3;AT33;1;Oskar;8;2015
AT3;AT33;1;Patrick;8;2015
AT3;AT33;1;Adam;7;2015
AT3;AT33;1;Diego;7;2015
AT3;AT33;1;Henry;7;2015
AT3;AT33;1;Konstantin;7;2015
AT3;AT33;1;Leopold;7;2015
AT3;AT33;1;Markus;7;2015
AT3;AT33;1;Mikail;7;2015
AT3;AT33;1;Nevio;7;2015
AT3;AT33;1;Tim;7;2015
AT3;AT33;1;Arian;6;2015
AT3;AT33;1;Emanuel;6;2015
AT3;AT33;1;Emilian;6;2015
AT3;AT33;1;Eric;6;2015
AT3;AT33;2;Sophia;103;2015
AT3;AT33;2;Anna;98;2015
AT3;AT33;2;Emma;94;2015
AT3;AT33;2;Hannah;80;2015
AT3;AT33;2;Laura;74;2015
AT3;AT33;2;Mia;65;2015
AT3;AT33;2;Lena;59;2015
AT3;AT33;2;Marie;58;2015
AT3;AT33;2;Sarah;58;2015
AT3;AT33;2;Leonie;56;2015
AT3;AT33;2;Emilia;54;2015
AT3;AT33;2;Sophie;51;2015
AT3;AT33;2;Lea;50;2015
AT3;AT33;2;Valentina;44;2015
AT3;AT33;2;Katharina;43;2015
AT3;AT33;2;Johanna;42;2015
AT3;AT33;2;Maria;41;2015
AT3;AT33;2;Theresa;41;2015
AT3;AT33;2;Magdalena;40;2015
AT3;AT33;2;Elena;35;2015
AT3;AT33;2;Julia;34;2015
AT3;AT33;2;Lina;32;2015
AT3;AT33;2;Lara;30;2015
AT3;AT33;2;Amelie;29;2015
AT3;AT33;2;Eva;29;2015
AT3;AT33;2;Lisa;29;2015
AT3;AT33;2;Nina;28;2015
AT3;AT33;2;Klara;27;2015
AT3;AT33;2;Lorena;27;2015
AT3;AT33;2;Elisa;26;2015
AT3;AT33;2;Emily;26;2015
AT3;AT33;2;Helena;25;2015
AT3;AT33;2;Franziska;24;2015
AT3;AT33;2;Ida;24;2015
AT3;AT33;2;Paula;24;2015
AT3;AT33;2;Ella;22;2015
AT3;AT33;2;Leni;22;2015
AT3;AT33;2;Lilly;22;2015
AT3;AT33;2;Nora;22;2015
AT3;AT33;2;Isabella;21;2015
AT3;AT33;2;Rosa;21;2015
AT3;AT33;2;Alina;20;2015
AT3;AT33;2;Jana;20;2015
AT3;AT33;2;Anna-Lena;18;2015
AT3;AT33;2;Greta;18;2015
AT3;AT33;2;Luisa;18;2015
AT3;AT33;2;Miriam;18;2015
AT3;AT33;2;Linda;16;2015
AT3;AT33;2;Antonia;15;2015
AT3;AT33;2;Emely;15;2015
AT3;AT33;2;Chiara;14;2015
AT3;AT33;2;Jasmin;14;2015
AT3;AT33;2;Olivia;14;2015
AT3;AT33;2;Selina;14;2015
AT3;AT33;2;Valerie;14;2015
AT3;AT33;2;Viktoria;14;2015
AT3;AT33;2;Matilda;13;2015
AT3;AT33;2;Maya;13;2015
AT3;AT33;2;Melanie;13;2015
AT3;AT33;2;Elif;12;2015
AT3;AT33;2;Frida;12;2015
AT3;AT33;2;Livia;12;2015
AT3;AT33;2;Mira;12;2015
AT3;AT33;2;Mona;12;2015
AT3;AT33;2;Aurelia;11;2015
AT3;AT33;2;Carina;11;2015
AT3;AT33;2;Flora;11;2015
AT3;AT33;2;Heidi;11;2015
AT3;AT33;2;Rosalie;11;2015
AT3;AT33;2;Vanessa;11;2015
AT3;AT33;2;Victoria;11;2015
AT3;AT33;2;Anja;10;2015
AT3;AT33;2;Fabienne;10;2015
AT3;AT33;2;Lia;10;2015
AT3;AT33;2;Mathilda;10;2015
AT3;AT33;2;Melissa;10;2015
AT3;AT33;2;Zeynep;10;2015
AT3;AT33;2;Angelina;9;2015
AT3;AT33;2;Elisabeth;9;2015
AT3;AT33;2;Hira;9;2015
AT3;AT33;2;Liah;9;2015
AT3;AT33;2;Melina;9;2015
AT3;AT33;2;Paulina;9;2015
AT3;AT33;2;Pia;9;2015
AT3;AT33;2;Amina;8;2015
AT3;AT33;2;Charlotte;8;2015
AT3;AT33;2;Diana;8;2015
AT3;AT33;2;Frieda;8;2015
AT3;AT33;2;Maja;8;2015
AT3;AT33;2;Mara;8;2015
AT3;AT33;2;Miray;8;2015
AT3;AT33;2;Celina;7;2015
AT3;AT33;2;Elina;7;2015
AT3;AT33;2;Josefine;7;2015
AT3;AT33;2;Larissa;7;2015
AT3;AT33;2;Meryem;7;2015
AT3;AT33;2;Natalie;7;2015
AT3;AT33;2;Nisa;7;2015
AT3;AT33;2;Noemi;7;2015
AT3;AT33;2;Romy;7;2015
AT3;AT33;1;DAVID;97;2014
AT3;AT33;1;MAXIMILIAN;94;2014
AT3;AT33;1;JAKOB;90;2014
AT3;AT33;1;FELIX;80;2014
AT3;AT33;1;LUKAS;78;2014
AT3;AT33;1;PAUL;76;2014
AT3;AT33;1;ELIAS;74;2014
AT3;AT33;1;RAPHAEL;67;2014
AT3;AT33;1;SIMON;65;2014
AT3;AT33;1;MATTHIAS;57;2014
AT3;AT33;1;MATTEO;56;2014
AT3;AT33;1;SAMUEL;54;2014
AT3;AT33;1;FABIAN;53;2014
AT3;AT33;1;TOBIAS;53;2014
AT3;AT33;1;ALEXANDER;49;2014
AT3;AT33;1;JULIAN;48;2014
AT3;AT33;1;LUIS;47;2014
AT3;AT33;1;JOHANNES;46;2014
AT3;AT33;1;JONAS;46;2014
AT3;AT33;1;LEO;46;2014
AT3;AT33;1;LEON;46;2014
AT3;AT33;1;LUCA;45;2014
AT3;AT33;1;FLORIAN;42;2014
AT3;AT33;1;NOAH;42;2014
AT3;AT33;1;PHILIPP;42;2014
AT3;AT33;1;SEBASTIAN;42;2014
AT3;AT33;1;MORITZ;38;2014
AT3;AT33;1;MANUEL;36;2014
AT3;AT33;1;BENJAMIN;34;2014
AT3;AT33;1;DANIEL;31;2014
AT3;AT33;1;ANTON;30;2014
AT3;AT33;1;DOMINIK;30;2014
AT3;AT33;1;ANDREAS;29;2014
AT3;AT33;1;LORENZ;28;2014
AT3;AT33;1;NICO;26;2014
AT3;AT33;1;ADRIAN;25;2014
AT3;AT33;1;MAX;25;2014
AT3;AT33;1;MICHAEL;25;2014
AT3;AT33;1;EMIL;24;2014
AT3;AT33;1;GABRIEL;24;2014
AT3;AT33;1;VALENTIN;24;2014
AT3;AT33;1;FINN;22;2014
AT3;AT33;1;LAURIN;22;2014
AT3;AT33;1;MARCEL;21;2014
AT3;AT33;1;THOMAS;20;2014
AT3;AT33;1;BEN;19;2014
AT3;AT33;1;FABIO;19;2014
AT3;AT33;1;JOSEF;19;2014
AT3;AT33;1;LIAM;19;2014
AT3;AT33;1;MARIO;18;2014
AT3;AT33;1;NOEL;18;2014
AT3;AT33;1;MARCO;17;2014
AT3;AT33;1;NIKLAS;17;2014
AT3;AT33;1;JONATHAN;16;2014
AT3;AT33;1;MARTIN;15;2014
AT3;AT33;1;CLEMENS;14;2014
AT3;AT33;1;ALI;13;2014
AT3;AT33;1;GEORG;13;2014
AT3;AT33;1;PETER;13;2014
AT3;AT33;1;VINCENT;13;2014
AT3;AT33;1;CHRISTIAN;12;2014
AT3;AT33;1;LEONHARD;12;2014
AT3;AT33;1;CHRISTOPH;11;2014
AT3;AT33;1;KILIAN;11;2014
AT3;AT33;1;STEFAN;11;2014
AT3;AT33;1;LINUS;10;2014
AT3;AT33;1;MARKUS;10;2014
AT3;AT33;1;MUHAMMED;10;2014
AT3;AT33;1;JOEL;9;2014
AT3;AT33;1;SANDRO;9;2014
AT3;AT33;1;XAVER;9;2014
AT3;AT33;1;AARON;8;2014
AT3;AT33;1;BENEDIKT;8;2014
AT3;AT33;1;EMANUEL;8;2014
AT3;AT33;1;EMILIO;8;2014
AT3;AT33;1;ERIK;8;2014
AT3;AT33;1;FILIP;8;2014
AT3;AT33;1;GREGOR;8;2014
AT3;AT33;1;JOHANN;8;2014
AT3;AT33;1;PATRICK;8;2014
AT3;AT33;1;THEO;8;2014
AT3;AT33;1;TONI;8;2014
AT3;AT33;1;ADAM;7;2014
AT3;AT33;1;EMIR;7;2014
AT3;AT33;1;EYMEN;7;2014
AT3;AT33;1;HAMZA;7;2014
AT3;AT33;1;HANNES;7;2014
AT3;AT33;1;NEVIO;7;2014
AT3;AT33;1;OLIVER;7;2014
AT3;AT33;1;OSKAR;7;2014
AT3;AT33;1;THEODOR;7;2014
AT3;AT33;1;\D6MER;7;2014
AT3;AT33;1;AHMET;6;2014
AT3;AT33;1;ALEKSANDAR;6;2014
AT3;AT33;1;ARMIN;6;2014
AT3;AT33;1;JULIUS;6;2014
AT3;AT33;1;LENNY;6;2014
AT3;AT33;1;LEONARDO;6;2014
AT3;AT33;1;MILAN;6;2014
AT3;AT33;1;MUSTAFA;6;2014
AT3;AT33;2;SOPHIA;105;2014
AT3;AT33;2;ANNA;100;2014
AT3;AT33;2;HANNAH;90;2014
AT3;AT33;2;EMMA;84;2014
AT3;AT33;2;LAURA;70;2014
AT3;AT33;2;LENA;70;2014
AT3;AT33;2;LEA;68;2014
AT3;AT33;2;VALENTINA;68;2014
AT3;AT33;2;EMILIA;61;2014
AT3;AT33;2;MARIE;58;2014
AT3;AT33;2;JULIA;57;2014
AT3;AT33;2;MIA;56;2014
AT3;AT33;2;LEONIE;53;2014
AT3;AT33;2;SARAH;48;2014
AT3;AT33;2;SOPHIE;45;2014
AT3;AT33;2;JOHANNA;38;2014
AT3;AT33;2;MAGDALENA;38;2014
AT3;AT33;2;LARA;37;2014
AT3;AT33;2;LISA;35;2014
AT3;AT33;2;ELENA;34;2014
AT3;AT33;2;THERESA;34;2014
AT3;AT33;2;AMELIE;32;2014
AT3;AT33;2;KATHARINA;30;2014
AT3;AT33;2;EMILY;25;2014
AT3;AT33;2;MARIA;25;2014
AT3;AT33;2;NINA;24;2014
AT3;AT33;2;EVA;23;2014
AT3;AT33;2;JANA;23;2014
AT3;AT33;2;LORENA;23;2014
AT3;AT33;2;LUISA;23;2014
AT3;AT33;2;PAULA;23;2014
AT3;AT33;2;ELISA;22;2014
AT3;AT33;2;ALINA;21;2014
AT3;AT33;2;LILLY;21;2014
AT3;AT33;2;MONA;21;2014
AT3;AT33;2;ELLA;20;2014
AT3;AT33;2;GRETA;20;2014
AT3;AT33;2;ISABELLA;20;2014
AT3;AT33;2;NORA;20;2014
AT3;AT33;2;ANNA-LENA;19;2014
AT3;AT33;2;LINDA;19;2014
AT3;AT33;2;LENI;18;2014
AT3;AT33;2;LINA;18;2014
AT3;AT33;2;HELENA;17;2014
AT3;AT33;2;CLARA;16;2014
AT3;AT33;2;ROSALIE;16;2014
AT3;AT33;2;SELINA;16;2014
AT3;AT33;2;FRANZISKA;15;2014
AT3;AT33;2;OLIVIA;15;2014
AT3;AT33;2;STELLA;15;2014
AT3;AT33;2;VANESSA;15;2014
AT3;AT33;2;MAJA;14;2014
AT3;AT33;2;MELINA;14;2014
AT3;AT33;2;ANNIKA;13;2014
AT3;AT33;2;MELISSA;13;2014
AT3;AT33;2;ANTONIA;12;2014
AT3;AT33;2;ELISABETH;12;2014
AT3;AT33;2;ZOE;12;2014
AT3;AT33;2;CARINA;11;2014
AT3;AT33;2;CHIARA;11;2014
AT3;AT33;2;FLORA;11;2014
AT3;AT33;2;KLARA;11;2014
AT3;AT33;2;MIRIAM;11;2014
AT3;AT33;2;PIA;11;2014
AT3;AT33;2;ROSA;11;2014
AT3;AT33;2;VICTORIA;11;2014
AT3;AT33;2;FRIDA;10;2014
AT3;AT33;2;HIRA;10;2014
AT3;AT33;2;LARISSA;10;2014
AT3;AT33;2;MARA;10;2014
AT3;AT33;2;MARLENE;10;2014
AT3;AT33;2;MAYA;10;2014
AT3;AT33;2;MINA;10;2014
AT3;AT33;2;MIRA;10;2014
AT3;AT33;2;ZOEY;10;2014
AT3;AT33;2;AMY;9;2014
AT3;AT33;2;CHARLOTTE;9;2014
AT3;AT33;2;ESMA;9;2014
AT3;AT33;2;FABIENNE;9;2014
AT3;AT33;2;FRIEDA;9;2014
AT3;AT33;2;IDA;9;2014
AT3;AT33;2;LIVIA;9;2014
AT3;AT33;2;MILENA;9;2014
AT3;AT33;2;ZEHRA;9;2014
AT3;AT33;2;ZEYNEP;9;2014
AT3;AT33;2;ELIF;8;2014
AT3;AT33;2;ELINA;8;2014
AT3;AT33;2;HEIDI;8;2014
AT3;AT33;2;ISABEL;8;2014
AT3;AT33;2;JASMIN;8;2014
AT3;AT33;2;PAULINA;8;2014
AT3;AT33;2;ANGELINA;7;2014
AT3;AT33;2;ANJA;7;2014
AT3;AT33;2;EMELIE;7;2014
AT3;AT33;2;LOUISA;7;2014
AT3;AT33;2;MARLENA;7;2014
AT3;AT33;2;MARTHA;7;2014
AT3;AT33;2;MATHILDA;7;2014
AT3;AT33;2;MATILDA;7;2014
AT3;AT33;2;RONJA;7;2014
AT3;AT33;1;DAVID;105;2013
AT3;AT33;1;MAXIMILIAN;96;2013
AT3;AT33;1;TOBIAS;79;2013
AT3;AT33;1;FELIX;78;2013
AT3;AT33;1;JAKOB;78;2013
AT3;AT33;1;LUKAS;75;2013
AT3;AT33;1;SIMON;70;2013
AT3;AT33;1;LUCA;64;2013
AT3;AT33;1;RAPHAEL;64;2013
AT3;AT33;1;ALEXANDER;59;2013
AT3;AT33;1;MORITZ;59;2013
AT3;AT33;1;FABIAN;58;2013
AT3;AT33;1;ELIAS;57;2013
AT3;AT33;1;PAUL;56;2013
AT3;AT33;1;MATTEO;53;2013
AT3;AT33;1;MATTHIAS;51;2013
AT3;AT33;1;NOAH;50;2013
AT3;AT33;1;FLORIAN;49;2013
AT3;AT33;1;LUIS;49;2013
AT3;AT33;1;JONAS;47;2013
AT3;AT33;1;LEO;47;2013
AT3;AT33;1;LEON;45;2013
AT3;AT33;1;JULIAN;41;2013
AT3;AT33;1;GABRIEL;39;2013
AT3;AT33;1;SAMUEL;39;2013
AT3;AT33;1;MAX;36;2013
AT3;AT33;1;DANIEL;35;2013
AT3;AT33;1;LORENZ;35;2013
AT3;AT33;1;MICHAEL;33;2013
AT3;AT33;1;SEBASTIAN;32;2013
AT3;AT33;1;MANUEL;30;2013
AT3;AT33;1;BENJAMIN;29;2013
AT3;AT33;1;PHILIPP;29;2013
AT3;AT33;1;DOMINIK;27;2013
AT3;AT33;1;JOHANNES;27;2013
AT3;AT33;1;JOSEF;24;2013
AT3;AT33;1;LAURIN;23;2013
AT3;AT33;1;NICO;23;2013
AT3;AT33;1;EMIL;22;2013
AT3;AT33;1;NIKLAS;22;2013
AT3;AT33;1;ANTON;21;2013
AT3;AT33;1;LIAM;20;2013
AT3;AT33;1;ANDREAS;19;2013
AT3;AT33;1;FABIO;19;2013
AT3;AT33;1;MARTIN;19;2013
AT3;AT33;1;MARCEL;18;2013
AT3;AT33;1;THOMAS;18;2013
AT3;AT33;1;AARON;17;2013
AT3;AT33;1;KILIAN;17;2013
AT3;AT33;1;MARCO;17;2013
AT3;AT33;1;PETER;17;2013
AT3;AT33;1;TIM;17;2013
AT3;AT33;1;ADRIAN;16;2013
AT3;AT33;1;VALENTIN;16;2013
AT3;AT33;1;FINN;15;2013
AT3;AT33;1;MARIO;15;2013
AT3;AT33;1;BEN;13;2013
AT3;AT33;1;NOEL;13;2013
AT3;AT33;1;STEFAN;13;2013
AT3;AT33;1;CHRISTIAN;12;2013
AT3;AT33;1;CHRISTOPH;12;2013
AT3;AT33;1;JONATHAN;12;2013
AT3;AT33;1;PATRICK;12;2013
AT3;AT33;1;CONSTANTIN;11;2013
AT3;AT33;1;DARIO;11;2013
AT3;AT33;1;YUSUF;11;2013
AT3;AT33;1;CLEMENS;10;2013
AT3;AT33;1;EMANUEL;10;2013
AT3;AT33;1;GEORG;10;2013
AT3;AT33;1;OLIVER;10;2013
AT3;AT33;1;SANDRO;10;2013
AT3;AT33;1;XAVER;10;2013
AT3;AT33;1;BENEDIKT;9;2013
AT3;AT33;1;KEVIN;9;2013
AT3;AT33;1;THEO;9;2013
AT3;AT33;1;ALESSANDRO;8;2013
AT3;AT33;1;ALI;8;2013
AT3;AT33;1;FILIP;8;2013
AT3;AT33;1;JAMIE;8;2013
AT3;AT33;1;LEONHARD;8;2013
AT3;AT33;1;LION;8;2013
AT3;AT33;1;MUHAMMED;8;2013
AT3;AT33;1;PASCAL;8;2013
AT3;AT33;1;VINCENT;8;2013
AT3;AT33;1;\D6MER;8;2013
AT3;AT33;1;BASTIAN;7;2013
AT3;AT33;1;DENIZ;7;2013
AT3;AT33;1;EGE;7;2013
AT3;AT33;1;ERIK;7;2013
AT3;AT33;1;HAMZA;7;2013
AT3;AT33;1;JAN;7;2013
AT3;AT33;1;KAAN;7;2013
AT3;AT33;1;LAURENZ;7;2013
AT3;AT33;1;LEVI;7;2013
AT3;AT33;1;LINUS;7;2013
AT3;AT33;1;LIONEL;7;2013
AT3;AT33;1;ADAM;6;2013
AT3;AT33;1;ALOIS;6;2013
AT3;AT33;1;CHRISTOF;6;2013
AT3;AT33;1;HANNES;6;2013
AT3;AT33;2;ANNA;117;2013
AT3;AT33;2;SOPHIA;98;2013
AT3;AT33;2;LAURA;87;2013
AT3;AT33;2;HANNAH;80;2013
AT3;AT33;2;EMMA;74;2013
AT3;AT33;2;SARAH;64;2013
AT3;AT33;2;MIA;57;2013
AT3;AT33;2;LEA;54;2013
AT3;AT33;2;EMILIA;52;2013
AT3;AT33;2;LENA;51;2013
AT3;AT33;2;MARIE;46;2013
AT3;AT33;2;VALENTINA;45;2013
AT3;AT33;2;JULIA;44;2013
AT3;AT33;2;MAGDALENA;43;2013
AT3;AT33;2;JOHANNA;42;2013
AT3;AT33;2;LARA;41;2013
AT3;AT33;2;KATHARINA;37;2013
AT3;AT33;2;LISA;36;2013
AT3;AT33;2;SOPHIE;36;2013
AT3;AT33;2;ELENA;35;2013
AT3;AT33;2;THERESA;35;2013
AT3;AT33;2;ANNA-LENA;34;2013
AT3;AT33;2;LEONIE;33;2013
AT3;AT33;2;EVA;30;2013
AT3;AT33;2;ISABELLA;30;2013
AT3;AT33;2;NINA;30;2013
AT3;AT33;2;AMELIE;29;2013
AT3;AT33;2;EMILY;27;2013
AT3;AT33;2;LINDA;26;2013
AT3;AT33;2;LUISA;26;2013
AT3;AT33;2;ELISA;25;2013
AT3;AT33;2;GRETA;25;2013
AT3;AT33;2;ALINA;22;2013
AT3;AT33;2;JANA;21;2013
AT3;AT33;2;LENI;21;2013
AT3;AT33;2;MARIA;21;2013
AT3;AT33;2;ROSA;21;2013
AT3;AT33;2;HELENA;20;2013
AT3;AT33;2;PAULA;20;2013
AT3;AT33;2;LILLY;19;2013
AT3;AT33;2;FRANZISKA;18;2013
AT3;AT33;2;LINA;18;2013
AT3;AT33;2;LORENA;18;2013
AT3;AT33;2;ELLA;17;2013
AT3;AT33;2;FLORA;17;2013
AT3;AT33;2;IDA;16;2013
AT3;AT33;2;PIA;15;2013
AT3;AT33;2;SELINA;15;2013
AT3;AT33;2;ANTONIA;14;2013
AT3;AT33;2;ELISABETH;14;2013
AT3;AT33;2;OLIVIA;14;2013
AT3;AT33;2;VANESSA;14;2013
AT3;AT33;2;LIVIA;13;2013
AT3;AT33;2;MIRIAM;13;2013
AT3;AT33;2;VIKTORIA;13;2013
AT3;AT33;2;CLARA;12;2013
AT3;AT33;2;ELIF;12;2013
AT3;AT33;2;MONA;12;2013
AT3;AT33;2;NORA;12;2013
AT3;AT33;2;ANGELINA;11;2013
AT3;AT33;2;EMELIE;11;2013
AT3;AT33;2;MARA;11;2013
AT3;AT33;2;MAYA;11;2013
AT3;AT33;2;MIRA;11;2013
AT3;AT33;2;NADINE;11;2013
AT3;AT33;2;CARINA;10;2013
AT3;AT33;2;CHIARA;10;2013
AT3;AT33;2;EMELY;10;2013
AT3;AT33;2;KLARA;10;2013
AT3;AT33;2;MELANIE;10;2013
AT3;AT33;2;MELISSA;10;2013
AT3;AT33;2;ELA;9;2013
AT3;AT33;2;MATILDA;9;2013
AT3;AT33;2;MELINA;9;2013
AT3;AT33;2;RONJA;9;2013
AT3;AT33;2;VICTORIA;9;2013
AT3;AT33;2;ALEXANDRA;8;2013
AT3;AT33;2;DIANA;8;2013
AT3;AT33;2;LARISSA;8;2013
AT3;AT33;2;PAULINA;8;2013
AT3;AT33;2;ROSALIE;8;2013
AT3;AT33;2;STELLA;8;2013
AT3;AT33;2;VALERIE;8;2013
AT3;AT33;2;ALMA;7;2013
AT3;AT33;2;AMY;7;2013
AT3;AT33;2;ANNIKA;7;2013
AT3;AT33;2;CELINA;7;2013
AT3;AT33;2;FABIENNE;7;2013
AT3;AT33;2;HEIDI;7;2013
AT3;AT33;2;MAJA;7;2013
AT3;AT33;2;MICHELLE;7;2013
AT3;AT33;2;MILA;7;2013
AT3;AT33;2;NATALIE;7;2013
AT3;AT33;2;REBECCA;7;2013
AT3;AT33;2;ZEYNEP;7;2013
AT3;AT33;2;ZOE;7;2013
AT3;AT33;2;AMALIA;6;2013
AT3;AT33;2;ANJA;6;2013
AT3;AT33;2;ANNA-MARIA;6;2013
AT3;AT33;2;ANNA-SOPHIE;6;2013
AT3;AT33;1;DAVID;98;2012
AT3;AT33;1;MAXIMILIAN;95;2012
AT3;AT33;1;SIMON;93;2012
AT3;AT33;1;TOBIAS;83;2012
AT3;AT33;1;LUCA;82;2012
AT3;AT33;1;JAKOB;75;2012
AT3;AT33;1;PAUL;75;2012
AT3;AT33;1;FELIX;73;2012
AT3;AT33;1;JONAS;73;2012
AT3;AT33;1;RAPHAEL;71;2012
AT3;AT33;1;ELIAS;70;2012
AT3;AT33;1;LUKAS;68;2012
AT3;AT33;1;MATTHIAS;58;2012
AT3;AT33;1;ALEXANDER;57;2012
AT3;AT33;1;JULIAN;53;2012
AT3;AT33;1;FABIAN;51;2012
AT3;AT33;1;MATTEO;51;2012
AT3;AT33;1;MORITZ;51;2012
AT3;AT33;1;NOAH;51;2012
AT3;AT33;1;LEON;46;2012
AT3;AT33;1;SAMUEL;45;2012
AT3;AT33;1;PHILIPP;44;2012
AT3;AT33;1;DANIEL;43;2012
AT3;AT33;1;FLORIAN;40;2012
AT3;AT33;1;LUIS;40;2012
AT3;AT33;1;BENJAMIN;38;2012
AT3;AT33;1;SEBASTIAN;37;2012
AT3;AT33;1;MICHAEL;36;2012
AT3;AT33;1;LEO;35;2012
AT3;AT33;1;GABRIEL;34;2012
AT3;AT33;1;MAX;33;2012
AT3;AT33;1;DOMINIK;31;2012
AT3;AT33;1;MANUEL;31;2012
AT3;AT33;1;ANDREAS;29;2012
AT3;AT33;1;JOHANNES;29;2012
AT3;AT33;1;LORENZ;29;2012
AT3;AT33;1;NICO;28;2012
AT3;AT33;1;MARCEL;23;2012
AT3;AT33;1;FABIO;22;2012
AT3;AT33;1;MARTIN;22;2012
AT3;AT33;1;ANTON;21;2012
AT3;AT33;1;ADRIAN;19;2012
AT3;AT33;1;NOEL;19;2012
AT3;AT33;1;THOMAS;19;2012
AT3;AT33;1;LEONHARD;18;2012
AT3;AT33;1;BEN;17;2012
AT3;AT33;1;LAURIN;17;2012
AT3;AT33;1;PETER;17;2012
AT3;AT33;1;AARON;15;2012
AT3;AT33;1;CHRISTOPH;15;2012
AT3;AT33;1;JONATHAN;15;2012
AT3;AT33;1;MARKUS;15;2012
AT3;AT33;1;LIAM;14;2012
AT3;AT33;1;SANDRO;14;2012
AT3;AT33;1;BERAT;13;2012
AT3;AT33;1;KILIAN;13;2012
AT3;AT33;1;MARCO;13;2012
AT3;AT33;1;EMIR;12;2012
AT3;AT33;1;HANNES;12;2012
AT3;AT33;1;JOSEF;12;2012
AT3;AT33;1;MARIO;12;2012
AT3;AT33;1;PASCAL;12;2012
AT3;AT33;1;BASTIAN;11;2012
AT3;AT33;1;CHRISTIAN;11;2012
AT3;AT33;1;ERIK;11;2012
AT3;AT33;1;FINN;11;2012
AT3;AT33;1;GEORG;11;2012
AT3;AT33;1;NIKLAS;11;2012
AT3;AT33;1;PATRICK;11;2012
AT3;AT33;1;VALENTIN;11;2012
AT3;AT33;1;EMIL;10;2012
AT3;AT33;1;LENNY;10;2012
AT3;AT33;1;NICLAS;10;2012
AT3;AT33;1;STEFAN;10;2012
AT3;AT33;1;EMANUEL;9;2012
AT3;AT33;1;LEVIN;9;2012
AT3;AT33;1;THEO;9;2012
AT3;AT33;1;TIM;9;2012
AT3;AT33;1;ANDRE;8;2012
AT3;AT33;1;CLEMENS;8;2012
AT3;AT33;1;MUHAMMED;8;2012
AT3;AT33;1;MUSTAFA;8;2012
AT3;AT33;1;DIEGO;7;2012
AT3;AT33;1;JAN;7;2012
AT3;AT33;1;JOSHUA;7;2012
AT3;AT33;1;LEVI;7;2012
AT3;AT33;1;LOUIS;7;2012
AT3;AT33;1;YUSUF;7;2012
AT3;AT33;1;AHMET;6;2012
AT3;AT33;1;ALESSANDRO;6;2012
AT3;AT33;1;ARMIN;6;2012
AT3;AT33;1;BENEDIKT;6;2012
AT3;AT33;1;DARIO;6;2012
AT3;AT33;1;ELIA;6;2012
AT3;AT33;1;ELIAH;6;2012
AT3;AT33;1;GREGOR;6;2012
AT3;AT33;1;JOHANN;6;2012
AT3;AT33;1;LINUS;6;2012
AT3;AT33;1;MARIUS;6;2012
AT3;AT33;1;NICOLAS;6;2012
AT3;AT33;2;SOPHIA;82;2012
AT3;AT33;2;EMMA;80;2012
AT3;AT33;2;HANNAH;78;2012
AT3;AT33;2;LENA;76;2012
AT3;AT33;2;ANNA;68;2012
AT3;AT33;2;MARIE;67;2012
AT3;AT33;2;SARAH;67;2012
AT3;AT33;2;VALENTINA;62;2012
AT3;AT33;2;LEA;54;2012
AT3;AT33;2;LAURA;52;2012
AT3;AT33;2;LEONIE;49;2012
AT3;AT33;2;JULIA;47;2012
AT3;AT33;2;MAGDALENA;45;2012
AT3;AT33;2;SOPHIE;41;2012
AT3;AT33;2;EMILIA;40;2012
AT3;AT33;2;THERESA;38;2012
AT3;AT33;2;ELENA;36;2012
AT3;AT33;2;LARA;36;2012
AT3;AT33;2;AMELIE;35;2012
AT3;AT33;2;EVA;35;2012
AT3;AT33;2;LISA;35;2012
AT3;AT33;2;MIA;35;2012
AT3;AT33;2;JOHANNA;34;2012
AT3;AT33;2;ANNA-LENA;33;2012
AT3;AT33;2;NINA;33;2012
AT3;AT33;2;KATHARINA;31;2012
AT3;AT33;2;PAULA;31;2012
AT3;AT33;2;ISABELLA;28;2012
AT3;AT33;2;EMILY;26;2012
AT3;AT33;2;SELINA;26;2012
AT3;AT33;2;JANA;24;2012
AT3;AT33;2;MARIA;24;2012
AT3;AT33;2;GRETA;23;2012
AT3;AT33;2;ANTONIA;21;2012
AT3;AT33;2;ELISA;20;2012
AT3;AT33;2;IDA;20;2012
AT3;AT33;2;LINA;20;2012
AT3;AT33;2;LUISA;20;2012
AT3;AT33;2;LINDA;19;2012
AT3;AT33;2;PIA;19;2012
AT3;AT33;2;LORENA;18;2012
AT3;AT33;2;ALINA;17;2012
AT3;AT33;2;ELINA;16;2012
AT3;AT33;2;HELENA;16;2012
AT3;AT33;2;MIRIAM;16;2012
AT3;AT33;2;NORA;16;2012
AT3;AT33;2;LENI;15;2012
AT3;AT33;2;MAJA;15;2012
AT3;AT33;2;LARISSA;14;2012
AT3;AT33;2;LILLY;14;2012
AT3;AT33;2;CLARA;13;2012
AT3;AT33;2;FABIENNE;13;2012
AT3;AT33;2;FRANZISKA;13;2012
AT3;AT33;2;KLARA;13;2012
AT3;AT33;2;LIA;13;2012
AT3;AT33;2;LIVIA;13;2012
AT3;AT33;2;OLIVIA;13;2012
AT3;AT33;2;ROSA;13;2012
AT3;AT33;2;VANESSA;13;2012
AT3;AT33;2;ANGELINA;12;2012
AT3;AT33;2;ELLA;12;2012
AT3;AT33;2;CHARLOTTE;11;2012
AT3;AT33;2;ELIF;11;2012
AT3;AT33;2;NATALIE;11;2012
AT3;AT33;2;ANJA;10;2012
AT3;AT33;2;CHRISTINA;10;2012
AT3;AT33;2;MATILDA;10;2012
AT3;AT33;2;MELINA;10;2012
AT3;AT33;2;CHIARA;9;2012
AT3;AT33;2;EMELY;9;2012
AT3;AT33;2;FRIDA;9;2012
AT3;AT33;2;TAMARA;9;2012
AT3;AT33;2;ZOE;9;2012
AT3;AT33;2;AYLIN;8;2012
AT3;AT33;2;ELISABETH;8;2012
AT3;AT33;2;FLORA;8;2012
AT3;AT33;2;MAYA;8;2012
AT3;AT33;2;MONA;8;2012
AT3;AT33;2;NADINE;8;2012
AT3;AT33;2;NISA;8;2012
AT3;AT33;2;RONJA;8;2012
AT3;AT33;2;VIKTORIA;8;2012
AT3;AT33;2;CARINA;7;2012
AT3;AT33;2;DIANA;7;2012
AT3;AT33;2;FLORENTINA;7;2012
AT3;AT33;2;HEIDI;7;2012
AT3;AT33;2;MADLEN;7;2012
AT3;AT33;2;MARLENE;7;2012
AT3;AT33;2;ZEYNEP;7;2012
AT3;AT33;2;Z\DCMRA;7;2012
AT3;AT33;2;CELINA;6;2012
AT3;AT33;2;CELINE;6;2012
AT3;AT33;2;ECRIN;6;2012
AT3;AT33;2;ELA;6;2012
AT3;AT33;2;EMELIE;6;2012
AT3;AT33;2;ESILA;6;2012
AT3;AT33;2;GLORIA;6;2012
AT3;AT33;2;ISABELL;6;2012
AT3;AT33;2;MARINA;6;2012
AT3;AT33;2;MELANIE;6;2012
AT3;AT33;1;MAXIMILIAN;90;2011
AT3;AT33;1;DAVID;89;2011
AT3;AT33;1;ELIAS;89;2011
AT3;AT33;1;JAKOB;85;2011
AT3;AT33;1;SIMON;85;2011
AT3;AT33;1;LUKAS;77;2011
AT3;AT33;1;TOBIAS;71;2011
AT3;AT33;1;FELIX;70;2011
AT3;AT33;1;PAUL;64;2011
AT3;AT33;1;FABIAN;59;2011
AT3;AT33;1;ALEXANDER;57;2011
AT3;AT33;1;JONAS;56;2011
AT3;AT33;1;JULIAN;54;2011
AT3;AT33;1;MATTHIAS;54;2011
AT3;AT33;1;FLORIAN;53;2011
AT3;AT33;1;PHILIPP;53;2011
AT3;AT33;1;LEON;51;2011
AT3;AT33;1;RAPHAEL;51;2011
AT3;AT33;1;SAMUEL;50;2011
AT3;AT33;1;DANIEL;49;2011
AT3;AT33;1;LEO;49;2011
AT3;AT33;1;MATTEO;47;2011
AT3;AT33;1;ANDREAS;40;2011
AT3;AT33;1;LUIS;37;2011
AT3;AT33;1;GABRIEL;36;2011
AT3;AT33;1;MORITZ;36;2011
AT3;AT33;1;NOAH;36;2011
AT3;AT33;1;SEBASTIAN;36;2011
AT3;AT33;1;JOHANNES;35;2011
AT3;AT33;1;LUCA;35;2011
AT3;AT33;1;MANUEL;35;2011
AT3;AT33;1;BENJAMIN;33;2011
AT3;AT33;1;LORENZ;33;2011
AT3;AT33;1;THOMAS;33;2011
AT3;AT33;1;DOMINIK;29;2011
AT3;AT33;1;MICHAEL;29;2011
AT3;AT33;1;VALENTIN;29;2011
AT3;AT33;1;FABIO;28;2011
AT3;AT33;1;NIKLAS;23;2011
AT3;AT33;1;MARCO;20;2011
AT3;AT33;1;ADRIAN;19;2011
AT3;AT33;1;CHRISTOPH;19;2011
AT3;AT33;1;MARTIN;19;2011
AT3;AT33;1;ANTON;18;2011
AT3;AT33;1;KILIAN;18;2011
AT3;AT33;1;PATRICK;18;2011
AT3;AT33;1;SANDRO;18;2011
AT3;AT33;1;JONATHAN;16;2011
AT3;AT33;1;JOSEF;16;2011
AT3;AT33;1;BEN;15;2011
AT3;AT33;1;CLEMENS;15;2011
AT3;AT33;1;MARCEL;15;2011
AT3;AT33;1;MAX;15;2011
AT3;AT33;1;NICO;15;2011
AT3;AT33;1;STEFAN;15;2011
AT3;AT33;1;LAURIN;14;2011
AT3;AT33;1;PETER;13;2011
AT3;AT33;1;AARON;12;2011
AT3;AT33;1;ALI;12;2011
AT3;AT33;1;YUSUF;12;2011
AT3;AT33;1;EMIL;11;2011
AT3;AT33;1;EMIR;11;2011
AT3;AT33;1;MEHMET;11;2011
AT3;AT33;1;RENE;11;2011
AT3;AT33;1;VINCENT;11;2011
AT3;AT33;1;FINN;10;2011
AT3;AT33;1;GEORG;10;2011
AT3;AT33;1;HANNES;9;2011
AT3;AT33;1;MARIO;9;2011
AT3;AT33;1;NOEL;9;2011
AT3;AT33;1;THEO;9;2011
AT3;AT33;1;ANDRE;8;2011
AT3;AT33;1;EMANUEL;8;2011
AT3;AT33;1;EMILIO;8;2011
AT3;AT33;1;MUHAMMED;8;2011
AT3;AT33;1;ROMAN;8;2011
AT3;AT33;1;TIM;8;2011
AT3;AT33;1;ARAS;7;2011
AT3;AT33;1;DARIO;7;2011
AT3;AT33;1;ELIAH;7;2011
AT3;AT33;1;EREN;7;2011
AT3;AT33;1;JOEL;7;2011
AT3;AT33;1;LIAM;7;2011
AT3;AT33;1;MARIUS;7;2011
AT3;AT33;1;NEVIO;7;2011
AT3;AT33;1;\D6MER;7;2011
AT3;AT33;1;CHRISTIAN;6;2011
AT3;AT33;1;DENIZ;6;2011
AT3;AT33;1;EFE;6;2011
AT3;AT33;1;LEONHARD;6;2011
AT3;AT33;1;LEVI;6;2011
AT3;AT33;1;LINUS;6;2011
AT3;AT33;1;MARKUS;6;2011
AT3;AT33;1;AHMET;5;2011
AT3;AT33;1;BENEDIKT;5;2011
AT3;AT33;1;ERAY;5;2011
AT3;AT33;1;FRANZ;5;2011
AT3;AT33;1;JAMIE;5;2011
AT3;AT33;1;JAN;5;2011
AT3;AT33;1;JUSTIN;5;2011
AT3;AT33;2;SARAH;84;2011
AT3;AT33;2;EMMA;79;2011
AT3;AT33;2;ANNA;76;2011
AT3;AT33;2;SOPHIA;74;2011
AT3;AT33;2;LEONIE;67;2011
AT3;AT33;2;LAURA;64;2011
AT3;AT33;2;JULIA;61;2011
AT3;AT33;2;HANNAH;60;2011
AT3;AT33;2;LENA;60;2011
AT3;AT33;2;LEA;53;2011
AT3;AT33;2;VALENTINA;53;2011
AT3;AT33;2;MARIE;52;2011
AT3;AT33;2;JOHANNA;46;2011
AT3;AT33;2;LARA;44;2011
AT3;AT33;2;MIA;43;2011
AT3;AT33;2;MAGDALENA;38;2011
AT3;AT33;2;LISA;37;2011
AT3;AT33;2;SOPHIE;37;2011
AT3;AT33;2;ALINA;36;2011
AT3;AT33;2;ANNA-LENA;36;2011
AT3;AT33;2;EMILIA;36;2011
AT3;AT33;2;LINA;36;2011
AT3;AT33;2;AMELIE;35;2011
AT3;AT33;2;KATHARINA;34;2011
AT3;AT33;2;NINA;30;2011
AT3;AT33;2;THERESA;29;2011
AT3;AT33;2;VANESSA;27;2011
AT3;AT33;2;EMILY;26;2011
AT3;AT33;2;SELINA;26;2011
AT3;AT33;2;ELENA;24;2011
AT3;AT33;2;LORENA;24;2011
AT3;AT33;2;EVA;22;2011
AT3;AT33;2;LILLY;21;2011
AT3;AT33;2;ISABELLA;19;2011
AT3;AT33;2;MARIA;19;2011
AT3;AT33;2;PAULA;19;2011
AT3;AT33;2;CHIARA;18;2011
AT3;AT33;2;ELISA;18;2011
AT3;AT33;2;JANA;18;2011
AT3;AT33;2;LUISA;17;2011
AT3;AT33;2;HELENA;16;2011
AT3;AT33;2;LIA;16;2011
AT3;AT33;2;CARINA;15;2011
AT3;AT33;2;LENI;15;2011
AT3;AT33;2;MELINA;15;2011
AT3;AT33;2;PIA;15;2011
AT3;AT33;2;CLARA;14;2011
AT3;AT33;2;ELLA;14;2011
AT3;AT33;2;IDA;14;2011
AT3;AT33;2;JASMIN;14;2011
AT3;AT33;2;LARISSA;14;2011
AT3;AT33;2;LINDA;14;2011
AT3;AT33;2;LIVIA;14;2011
AT3;AT33;2;OLIVIA;14;2011
AT3;AT33;2;GRETA;13;2011
AT3;AT33;2;MONA;13;2011
AT3;AT33;2;NORA;13;2011
AT3;AT33;2;ANTONIA;12;2011
AT3;AT33;2;FLORA;12;2011
AT3;AT33;2;KLARA;12;2011
AT3;AT33;2;RONJA;12;2011
AT3;AT33;2;FRANZISKA;11;2011
AT3;AT33;2;MIRIAM;11;2011
AT3;AT33;2;VICTORIA;11;2011
AT3;AT33;2;ANGELINA;10;2011
AT3;AT33;2;AURELIA;10;2011
AT3;AT33;2;CELINA;10;2011
AT3;AT33;2;MAYA;10;2011
AT3;AT33;2;MELISSA;10;2011
AT3;AT33;2;STEFANIE;10;2011
AT3;AT33;2;ANJA;9;2011
AT3;AT33;2;AYLIN;9;2011
AT3;AT33;2;ELISABETH;9;2011
AT3;AT33;2;LANA;9;2011
AT3;AT33;2;PAULINA;9;2011
AT3;AT33;2;VIKTORIA;9;2011
AT3;AT33;2;CHRISTINA;8;2011
AT3;AT33;2;ELA;8;2011
AT3;AT33;2;ELINA;8;2011
AT3;AT33;2;MADELEINE;8;2011
AT3;AT33;2;MAJA;8;2011
AT3;AT33;2;ROSA;8;2011
AT3;AT33;2;AMY;7;2011
AT3;AT33;2;AZRA;7;2011
AT3;AT33;2;ELIF;7;2011
AT3;AT33;2;FABIENNE;7;2011
AT3;AT33;2;MICHELLE;7;2011
AT3;AT33;2;NATALIE;7;2011
AT3;AT33;2;NISA;7;2011
AT3;AT33;2;ANNABELL;6;2011
AT3;AT33;2;CELINE;6;2011
AT3;AT33;2;DIANA;6;2011
AT3;AT33;2;EMELY;6;2011
AT3;AT33;2;HEIDI;6;2011
AT3;AT33;2;LOUISA;6;2011
AT3;AT33;2;MADLEN;6;2011
AT3;AT33;2;MATILDA;6;2011
AT3;AT33;2;NADJA;6;2011
AT3;AT33;2;SONJA;6;2011
AT3;AT33;2;ZOE;6;2011
AT3;AT33;1;LUKAS;95;2010
AT3;AT33;1;DAVID;87;2010
AT3;AT33;1;MAXIMILIAN;82;2010
AT3;AT33;1;FELIX;81;2010
AT3;AT33;1;ELIAS;76;2010
AT3;AT33;1;SIMON;75;2010
AT3;AT33;1;TOBIAS;75;2010
AT3;AT33;1;JAKOB;68;2010
AT3;AT33;1;ALEXANDER;63;2010
AT3;AT33;1;RAPHAEL;63;2010
AT3;AT33;1;DANIEL;58;2010
AT3;AT33;1;JULIAN;57;2010
AT3;AT33;1;JONAS;56;2010
AT3;AT33;1;MATTHIAS;56;2010
AT3;AT33;1;PAUL;56;2010
AT3;AT33;1;NOAH;55;2010
AT3;AT33;1;MATTEO;54;2010
AT3;AT33;1;FABIAN;53;2010
AT3;AT33;1;LEON;50;2010
AT3;AT33;1;FLORIAN;48;2010
AT3;AT33;1;JOHANNES;46;2010
AT3;AT33;1;LEO;44;2010
AT3;AT33;1;MANUEL;44;2010
AT3;AT33;1;SEBASTIAN;44;2010
AT3;AT33;1;LUCA;42;2010
AT3;AT33;1;GABRIEL;40;2010
AT3;AT33;1;ANDREAS;39;2010
AT3;AT33;1;PHILIPP;37;2010
AT3;AT33;1;MORITZ;36;2010
AT3;AT33;1;SAMUEL;33;2010
AT3;AT33;1;NICO;32;2010
AT3;AT33;1;BENJAMIN;31;2010
AT3;AT33;1;DOMINIK;28;2010
AT3;AT33;1;LORENZ;28;2010
AT3;AT33;1;MICHAEL;28;2010
AT3;AT33;1;LAURIN;25;2010
AT3;AT33;1;MARCEL;25;2010
AT3;AT33;1;THOMAS;24;2010
AT3;AT33;1;MARCO;22;2010
AT3;AT33;1;CHRISTOPH;20;2010
AT3;AT33;1;MAX;20;2010
AT3;AT33;1;CHRISTIAN;18;2010
AT3;AT33;1;FABIO;18;2010
AT3;AT33;1;MARIO;18;2010
AT3;AT33;1;MARTIN;18;2010
AT3;AT33;1;NOEL;18;2010
AT3;AT33;1;KILIAN;17;2010
AT3;AT33;1;VALENTIN;16;2010
AT3;AT33;1;ADRIAN;15;2010
AT3;AT33;1;NIKLAS;15;2010
AT3;AT33;1;EMIL;13;2010
AT3;AT33;1;HANNES;13;2010
AT3;AT33;1;LUIS;13;2010
AT3;AT33;1;MARKUS;13;2010
AT3;AT33;1;PATRICK;13;2010
AT3;AT33;1;STEFAN;13;2010
AT3;AT33;1;BEN;12;2010
AT3;AT33;1;JONATHAN;12;2010
AT3;AT33;1;ALI;11;2010
AT3;AT33;1;JOSEF;11;2010
AT3;AT33;1;KEVIN;11;2010
AT3;AT33;1;OLIVER;11;2010
AT3;AT33;1;AARON;10;2010
AT3;AT33;1;JUSTIN;10;2010
AT3;AT33;1;KONSTANTIN;10;2010
AT3;AT33;1;LIAM;10;2010
AT3;AT33;1;MUHAMMED;10;2010
AT3;AT33;1;EFE;9;2010
AT3;AT33;1;GEORG;9;2010
AT3;AT33;1;LEONHARD;9;2010
AT3;AT33;1;MERT;9;2010
AT3;AT33;1;NICOLAS;9;2010
AT3;AT33;1;ANDRE;8;2010
AT3;AT33;1;ANTON;8;2010
AT3;AT33;1;CLEMENS;8;2010
AT3;AT33;1;GREGOR;8;2010
AT3;AT33;1;LEVI;8;2010
AT3;AT33;1;LIONEL;8;2010
AT3;AT33;1;MARKO;8;2010
AT3;AT33;1;SANDRO;8;2010
AT3;AT33;1;TIM;8;2010
AT3;AT33;1;CONSTANTIN;7;2010
AT3;AT33;1;EMANUEL;7;2010
AT3;AT33;1;LINUS;7;2010
AT3;AT33;1;MUSTAFA;7;2010
AT3;AT33;1;VINCENT;7;2010
AT3;AT33;1;AHMET;6;2010
AT3;AT33;1;ALEKSANDAR;6;2010
AT3;AT33;1;EYMEN;6;2010
AT3;AT33;1;FILIP;6;2010
AT3;AT33;1;FINN;6;2010
AT3;AT33;1;JOEL;6;2010
AT3;AT33;1;KENAN;6;2010
AT3;AT33;1;LENNY;6;2010
AT3;AT33;1;MARIUS;6;2010
AT3;AT33;1;PASCAL;6;2010
AT3;AT33;1;ROMAN;6;2010
AT3;AT33;1;SEVERIN;6;2010
AT3;AT33;1;THEO;6;2010
AT3;AT33;1;BENEDIKT;5;2010
AT3;AT33;2;ANNA;108;2010
AT3;AT33;2;HANNAH;86;2010
AT3;AT33;2;SARAH;85;2010
AT3;AT33;2;LENA;74;2010
AT3;AT33;2;SOPHIA;73;2010
AT3;AT33;2;JULIA;65;2010
AT3;AT33;2;MARIE;65;2010
AT3;AT33;2;EMMA;57;2010
AT3;AT33;2;LAURA;57;2010
AT3;AT33;2;MIA;48;2010
AT3;AT33;2;LEA;47;2010
AT3;AT33;2;LEONIE;47;2010
AT3;AT33;2;LARA;46;2010
AT3;AT33;2;LISA;45;2010
AT3;AT33;2;VALENTINA;43;2010
AT3;AT33;2;JOHANNA;42;2010
AT3;AT33;2;KATHARINA;41;2010
AT3;AT33;2;MAGDALENA;39;2010
AT3;AT33;2;SOPHIE;39;2010
AT3;AT33;2;THERESA;34;2010
AT3;AT33;2;ALINA;33;2010
AT3;AT33;2;EVA;33;2010
AT3;AT33;2;ELENA;32;2010
AT3;AT33;2;EMILIA;31;2010
AT3;AT33;2;NINA;30;2010
AT3;AT33;2;JANA;27;2010
AT3;AT33;2;VANESSA;24;2010
AT3;AT33;2;MARIA;23;2010
AT3;AT33;2;SELINA;23;2010
AT3;AT33;2;AMELIE;21;2010
AT3;AT33;2;EMILY;21;2010
AT3;AT33;2;ANGELINA;20;2010
AT3;AT33;2;CHRISTINA;20;2010
AT3;AT33;2;ISABELLA;20;2010
AT3;AT33;2;LILLY;20;2010
AT3;AT33;2;ANNA-LENA;19;2010
AT3;AT33;2;CHIARA;18;2010
AT3;AT33;2;MAYA;17;2010
AT3;AT33;2;CELINA;16;2010
AT3;AT33;2;LINA;16;2010
AT3;AT33;2;LINDA;16;2010
AT3;AT33;2;LORENA;16;2010
AT3;AT33;2;MELANIE;16;2010
AT3;AT33;2;PAULA;16;2010
AT3;AT33;2;JASMIN;15;2010
AT3;AT33;2;OLIVIA;15;2010
AT3;AT33;2;ANNIKA;14;2010
AT3;AT33;2;ELISA;14;2010
AT3;AT33;2;HELENA;14;2010
AT3;AT33;2;ELIF;13;2010
AT3;AT33;2;GRETA;13;2010
AT3;AT33;2;MIRIAM;13;2010
AT3;AT33;2;NORA;13;2010
AT3;AT33;2;EMELY;12;2010
AT3;AT33;2;FRANZISKA;12;2010
AT3;AT33;2;IDA;12;2010
AT3;AT33;2;PIA;12;2010
AT3;AT33;2;VICTORIA;12;2010
AT3;AT33;2;ZOE;12;2010
AT3;AT33;2;LARISSA;11;2010
AT3;AT33;2;MAJA;11;2010
AT3;AT33;2;NATALIE;11;2010
AT3;AT33;2;ANTONIA;10;2010
AT3;AT33;2;CARINA;10;2010
AT3;AT33;2;CLARA;10;2010
AT3;AT33;2;LIVIA;10;2010
AT3;AT33;2;MONA;10;2010
AT3;AT33;2;VIKTORIA;10;2010
AT3;AT33;2;ASMIN;9;2010
AT3;AT33;2;AYLIN;9;2010
AT3;AT33;2;ELINA;9;2010
AT3;AT33;2;FABIENNE;9;2010
AT3;AT33;2;MELINA;9;2010
AT3;AT33;2;ROSA;9;2010
AT3;AT33;2;ANJA;8;2010
AT3;AT33;2;LUISA;8;2010
AT3;AT33;2;MARIELLA;8;2010
AT3;AT33;2;MELISSA;8;2010
AT3;AT33;2;MICHELLE;8;2010
AT3;AT33;2;NISA;8;2010
AT3;AT33;2;SABRINA;8;2010
AT3;AT33;2;CELINE;7;2010
AT3;AT33;2;ELA;7;2010
AT3;AT33;2;KLARA;7;2010
AT3;AT33;2;MARA;7;2010
AT3;AT33;2;MATHILDA;7;2010
AT3;AT33;2;NICOLE;7;2010
AT3;AT33;2;SAMIRA;7;2010
AT3;AT33;2;SIMONE;7;2010
AT3;AT33;2;TAMARA;7;2010
AT3;AT33;2;YAGMUR;7;2010
AT3;AT33;2;ALISSA;6;2010
AT3;AT33;2;ANIKA;6;2010
AT3;AT33;2;ANNA-MARIA;6;2010
AT3;AT33;2;ECRIN;6;2010
AT3;AT33;2;ESMA;6;2010
AT3;AT33;2;NADINE;6;2010
AT3;AT33;2;SARINA;6;2010
AT3;AT33;2;STEPHANIE;6;2010
AT3;AT33;2;TUANA;6;2010
AT3;AT33;1;SIMON;98;2009
AT3;AT33;1;MAXIMILIAN;80;2009
AT3;AT33;1;TOBIAS;78;2009
AT3;AT33;1;DAVID;73;2009
AT3;AT33;1;LUKAS;73;2009
AT3;AT33;1;MATTHIAS;63;2009
AT3;AT33;1;PAUL;61;2009
AT3;AT33;1;ALEXANDER;57;2009
AT3;AT33;1;FABIAN;55;2009
AT3;AT33;1;ELIAS;53;2009
AT3;AT33;1;FLORIAN;53;2009
AT3;AT33;1;JULIAN;53;2009
AT3;AT33;1;LUCA;53;2009
AT3;AT33;1;JONAS;50;2009
AT3;AT33;1;NOAH;50;2009
AT3;AT33;1;FELIX;49;2009
AT3;AT33;1;DOMINIK;48;2009
AT3;AT33;1;JOHANNES;45;2009
AT3;AT33;1;LEON;45;2009
AT3;AT33;1;MATTEO;45;2009
AT3;AT33;1;DANIEL;44;2009
AT3;AT33;1;JAKOB;41;2009
AT3;AT33;1;GABRIEL;37;2009
AT3;AT33;1;MANUEL;37;2009
AT3;AT33;1;SEBASTIAN;36;2009
AT3;AT33;1;MORITZ;35;2009
AT3;AT33;1;SAMUEL;34;2009
AT3;AT33;1;RAPHAEL;31;2009
AT3;AT33;1;CHRISTOPH;29;2009
AT3;AT33;1;THOMAS;29;2009
AT3;AT33;1;ANDREAS;28;2009
AT3;AT33;1;LEO;28;2009
AT3;AT33;1;LORENZ;28;2009
AT3;AT33;1;MARCO;28;2009
AT3;AT33;1;MICHAEL;27;2009
AT3;AT33;1;MARCEL;25;2009
AT3;AT33;1;PHILIPP;25;2009
AT3;AT33;1;BENJAMIN;23;2009
AT3;AT33;1;NICO;23;2009
AT3;AT33;1;CLEMENS;22;2009
AT3;AT33;1;LUIS;22;2009
AT3;AT33;1;FABIO;21;2009
AT3;AT33;1;NIKLAS;21;2009
AT3;AT33;1;MARTIN;19;2009
AT3;AT33;1;VALENTIN;17;2009
AT3;AT33;1;PETER;15;2009
AT3;AT33;1;LAURIN;14;2009
AT3;AT33;1;STEFAN;14;2009
AT3;AT33;1;ADRIAN;13;2009
AT3;AT33;1;JOSEF;13;2009
AT3;AT33;1;MAX;13;2009
AT3;AT33;1;SANDRO;13;2009
AT3;AT33;1;MARKUS;12;2009
AT3;AT33;1;MARIO;11;2009
AT3;AT33;1;HANNES;10;2009
AT3;AT33;1;KEVIN;10;2009
AT3;AT33;1;KILIAN;10;2009
AT3;AT33;1;VINCENT;10;2009
AT3;AT33;1;ARDA;9;2009
AT3;AT33;1;BENEDIKT;9;2009
AT3;AT33;1;PASCAL;9;2009
AT3;AT33;1;PATRICK;9;2009
AT3;AT33;1;ALI;8;2009
AT3;AT33;1;EMRE;8;2009
AT3;AT33;1;GEORG;8;2009
AT3;AT33;1;LEONHARD;8;2009
AT3;AT33;1;NICOLAS;8;2009
AT3;AT33;1;NOEL;8;2009
AT3;AT33;1;AARON;7;2009
AT3;AT33;1;ALOIS;7;2009
AT3;AT33;1;ANTON;7;2009
AT3;AT33;1;CHRISTIAN;7;2009
AT3;AT33;1;H\DCSEYIN;7;2009
AT3;AT33;1;LAURENZ;7;2009
AT3;AT33;1;LIAM;7;2009
AT3;AT33;1;MARIAN;7;2009
AT3;AT33;1;MEHMET;7;2009
AT3;AT33;1;MUHAMMED;7;2009
AT3;AT33;1;ADAM;6;2009
AT3;AT33;1;EFE;6;2009
AT3;AT33;1;GREGOR;6;2009
AT3;AT33;1;JAMIE;6;2009
AT3;AT33;1;KAAN;6;2009
AT3;AT33;1;ANGELO;5;2009
AT3;AT33;1;ARMIN;5;2009
AT3;AT33;1;BASTIAN;5;2009
AT3;AT33;1;DENIZ;5;2009
AT3;AT33;1;EMANUEL;5;2009
AT3;AT33;1;ERIK;5;2009
AT3;AT33;1;FINN;5;2009
AT3;AT33;1;JONATHAN;5;2009
AT3;AT33;1;JUSTIN;5;2009
AT3;AT33;1;KONSTANTIN;5;2009
AT3;AT33;1;LEVI;5;2009
AT3;AT33;1;MARIUS;5;2009
AT3;AT33;1;MUSTAFA;5;2009
AT3;AT33;1;PIUS;5;2009
AT3;AT33;1;RENE;5;2009
AT3;AT33;1;TIM;5;2009
AT3;AT33;1;ALESSANDRO;4;2009
AT3;AT33;2;ANNA;103;2009
AT3;AT33;2;LENA;82;2009
AT3;AT33;2;SARAH;80;2009
AT3;AT33;2;SOPHIA;72;2009
AT3;AT33;2;LEA;68;2009
AT3;AT33;2;HANNAH;67;2009
AT3;AT33;2;LAURA;67;2009
AT3;AT33;2;LEONIE;64;2009
AT3;AT33;2;JULIA;57;2009
AT3;AT33;2;MARIE;52;2009
AT3;AT33;2;JOHANNA;48;2009
AT3;AT33;2;VALENTINA;46;2009
AT3;AT33;2;EMMA;42;2009
AT3;AT33;2;LARA;41;2009
AT3;AT33;2;MAGDALENA;41;2009
AT3;AT33;2;THERESA;37;2009
AT3;AT33;2;SOPHIE;36;2009
AT3;AT33;2;LISA;35;2009
AT3;AT33;2;ELENA;34;2009
AT3;AT33;2;KATHARINA;33;2009
AT3;AT33;2;JANA;30;2009
AT3;AT33;2;ANNA-LENA;29;2009
AT3;AT33;2;EVA;27;2009
AT3;AT33;2;NINA;27;2009
AT3;AT33;2;ALINA;26;2009
AT3;AT33;2;EMILY;26;2009
AT3;AT33;2;PAULA;26;2009
AT3;AT33;2;AMELIE;25;2009
AT3;AT33;2;MARIA;22;2009
AT3;AT33;2;FRANZISKA;21;2009
AT3;AT33;2;VANESSA;21;2009
AT3;AT33;2;LINDA;20;2009
AT3;AT33;2;LORENA;20;2009
AT3;AT33;2;SELINA;19;2009
AT3;AT33;2;CHIARA;18;2009
AT3;AT33;2;ISABELLA;18;2009
AT3;AT33;2;VIKTORIA;18;2009
AT3;AT33;2;EMILIA;17;2009
AT3;AT33;2;MIRIAM;17;2009
AT3;AT33;2;ANTONIA;16;2009
AT3;AT33;2;CHRISTINA;15;2009
AT3;AT33;2;ELISA;15;2009
AT3;AT33;2;HELENA;14;2009
AT3;AT33;2;LINA;14;2009
AT3;AT33;2;MICHELLE;14;2009
AT3;AT33;2;STELLA;14;2009
AT3;AT33;2;JASMIN;13;2009
AT3;AT33;2;LARISSA;13;2009
AT3;AT33;2;MELISSA;13;2009
AT3;AT33;2;MIA;13;2009
AT3;AT33;2;ANGELINA;12;2009
AT3;AT33;2;PIA;12;2009
AT3;AT33;2;VICTORIA;12;2009
AT3;AT33;2;ANJA;11;2009
AT3;AT33;2;LENI;11;2009
AT3;AT33;2;LILLY;11;2009
AT3;AT33;2;MONA;11;2009
AT3;AT33;2;NORA;11;2009
AT3;AT33;2;VERENA;11;2009
AT3;AT33;2;CELINA;10;2009
AT3;AT33;2;ECRIN;10;2009
AT3;AT33;2;EMELY;10;2009
AT3;AT33;2;MARINA;10;2009
AT3;AT33;2;TAMARA;10;2009
AT3;AT33;2;CARINA;9;2009
AT3;AT33;2;ELINA;9;2009
AT3;AT33;2;ELISABETH;9;2009
AT3;AT33;2;GRETA;9;2009
AT3;AT33;2;LIA;9;2009
AT3;AT33;2;MELANIE;9;2009
AT3;AT33;2;NATALIE;9;2009
AT3;AT33;2;AZRA;8;2009
AT3;AT33;2;CLARA;8;2009
AT3;AT33;2;ELLA;8;2009
AT3;AT33;2;HEIDI;8;2009
AT3;AT33;2;LIVIA;8;2009
AT3;AT33;2;MARLENE;8;2009
AT3;AT33;2;NADINE;8;2009
AT3;AT33;2;ROSA;8;2009
AT3;AT33;2;DENISE;7;2009
AT3;AT33;2;ELA;7;2009
AT3;AT33;2;MAYA;7;2009
AT3;AT33;2;MILENA;7;2009
AT3;AT33;2;SIMONE;7;2009
AT3;AT33;2;AMY;6;2009
AT3;AT33;2;ANNA-MARIA;6;2009
AT3;AT33;2;ANNIKA;6;2009
AT3;AT33;2;CLAUDIA;6;2009
AT3;AT33;2;IRIS;6;2009
AT3;AT33;2;KLARA;6;2009
AT3;AT33;2;LUISA;6;2009
AT3;AT33;2;MELINA;6;2009
AT3;AT33;2;NICOLE;6;2009
AT3;AT33;2;SAMIRA;6;2009
AT3;AT33;2;SANDRA;6;2009
AT3;AT33;2;ZOE;6;2009
AT3;AT33;2;DANIELA;5;2009
AT3;AT33;2;EILEEN;5;2009
AT3;AT33;2;FABIENNE;5;2009
AT3;AT33;2;FRIDA;5;2009