id,name,address,company,university,dob,age
1,Rachel Taylor-Lees,"Studio 7
Conor springs
Scottland
KT05 6AT",B,TU Graz,"(1961, 6, 17)",73
2,Hugh James,"Flat 32n
Andrew inlet
East Max
HR7W 1YE",C,TU Wien,"(1963, 11, 31)",91
3,Mrs. Lesley Leonard,"17 Ellis common
Khanview
BA43 0JX",A,TU Wien,"(1989, 9, 11)",97
4,Dale Hall,"Studio 66
Wallace mount
Port Harry
RM2B 4RH",A,TU Wien,"(1952, 10, 12)",39
5,Stewart Fitzgerald,"0 Campbell lodge
Shaunberg
S88 3RT",B,TU Graz,"(1960, 10, 5)",57
6,Tracy Lewis,"9 Samuel ridges
Powelltown
KA4W 8EQ",B,TU Graz,"(1969, 10, 18)",71
7,Dr. Ellie Richards,"982 Howells grove
Benjaminmouth
CT4X 0HW",B,TU Wien,"(1981, 12, 10)",23
8,Malcolm Hunt,"Flat 19
Ingram camp
Ahmedside
PH46 6ZH",C,Vienna university,"(1962, 4, 23)",91
9,Cheryl Ward,"Flat 29N
Thomas brooks
Fordborough
M4 7EQ",B,TU Graz,"(1983, 2, 15)",89
10,Gordon Jones,"Flat 2
Parker landing
North Leigh
S6A 0HN",A,TU Wien,"(1979, 8, 12)",20
11,Glen Wright,"54 Naomi way
Natashafort
E7J 5EH",A,Vienna university,"(1981, 12, 1)",92
12,Dawn Shaw,"17 Brennan alley
New Katherine
SG6 4LB",B,Vienna university,"(1979, 5, 4)",93
13,Mrs. Heather Akhtar,"Studio 73
Geoffrey locks
Janetland
SO77 4NZ",C,Vienna university,"(1959, 9, 3)",5
14,Dr. Brian Fraser,"206 Carol trafficway
North Malcolmchester
N06 1HA",C,TU Wien,"(1980, 1, 3)",19
15,Wayne James,"241 Taylor knolls
Moorehaven
L8 9YP",A,BOKU,"(1962, 10, 11)",31
16,Susan Lewis,"906 Victor cliff
Phillipshaven
FK69 1AW",A,TU Wien,"(1963, 7, 16)",75
17,Mr. Mohammad Williams,"Studio 15x
Godfrey fort
East Olivia
G6 6LZ",B,BOKU,"(1972, 4, 12)",13
18,Christian Smith,"1 Tucker road
Rhysview
SG5H 0WR",A,BOKU,"(1994, 3, 20)",6
19,Lynn Willis-Reynolds,"751 Carole unions
Stephenville
HD24 0LF",A,Vienna university,"(1968, 8, 23)",74
20,Ms. Tina Campbell,"Studio 73d
Katie plains
Wilsonton
DD3 1LH",B,TU Graz,"(1966, 9, 30)",38
21,Donald Lowe,"Flat 77
Rose shoals
Wilkinsontown
FK4E 4GU",C,TU Graz,"(1989, 1, 2)",40
22,Mr. Gerard Arnold,"Studio 21
Carole place
Paulaville
CH9 5AH",A,TU Graz,"(1967, 7, 26)",92
23,Carolyn Jones,"8 Grace fork
Port Geraldine
G7 5FQ",C,TU Wien,"(1951, 9, 5)",98
24,Russell White,"Studio 27
Ryan canyon
Port Abdulville
N5 3GF",B,TU Graz,"(1970, 11, 9)",72
25,Beverley Butler-Jarvis,"69 Christopher summit
East Francescahaven
M4 5YT",C,Vienna university,"(1967, 8, 8)",70
26,Alex Simmons,"Flat 42q
Jennifer mill
North Janiceton
N0T 3YY",C,BOKU,"(1956, 2, 20)",13
27,Miss Jacqueline Gray,"1 Ashleigh underpass
Port Shaunside
AL6N 3RN",A,BOKU,"(1979, 12, 30)",45
28,Maria Hale,"Studio 31o
Jackson junctions
Robertsside
N2G 0QZ",C,Vienna university,"(1960, 4, 13)",17
29,Dennis Saunders,"Studio 91c
Nicholas forge
North Kenneth
NN18 7XW",B,TU Graz,"(1992, 11, 18)",55
30,Sally Birch,"932 Cross locks
Geoffreyview
SA6W 3SF",C,TU Wien,"(1968, 11, 8)",15
31,Mohamed Walters,"7 Alan run
Thomasberg
SW41 4YH",C,TU Graz,"(1959, 9, 19)",6
32,Grace Thompson,"955 Josephine bridge
West Ashley
NP5P 6GP",C,Vienna university,"(1958, 10, 7)",39
33,Alan Adams,"Studio 37
Cole forge
Lake Shaun
G2K 7AA",A,BOKU,"(1956, 4, 4)",86
34,Dylan Hunt,"Flat 66
Glenn mountains
Pearcefurt
G70 5EJ",A,BOKU,"(1992, 11, 17)",80
35,Mr. Edward Young,"Studio 1
Douglas plain
Maureenfort
S68 8TB",A,BOKU,"(1956, 4, 11)",86
36,Adam Shepherd,"28 James trafficway
Smithchester
L3G 9NG",C,BOKU,"(1974, 8, 10)",28
37,Thomas Henry-Wright,"2 Walters cove
Edwardfurt
W61 2QE",A,TU Wien,"(1964, 8, 1)",40
38,Callum Davies,"Studio 23
Willis inlet
West Jamie
FK9 2EH",B,TU Wien,"(1975, 11, 23)",78
39,Beth Whitehouse,"Flat 37
Edwards mill
Thorpemouth
HP70 3AJ",A,TU Wien,"(1963, 1, 4)",56
40,Dr. Christopher Bentley,"102 Diana fork
Port Mandy
SP6 3DF",B,TU Wien,"(1968, 10, 20)",35
41,Michelle Bishop,"Studio 21N
Lorraine rapid
Joanville
M0S 8DT",A,TU Graz,"(1969, 12, 18)",48
42,Carol Wilson-Hurst,"Studio 35
Scott spring
Ashleyhaven
W70 3LN",B,TU Graz,"(1968, 2, 15)",40
43,Brandon Fleming,"151 Bibi knoll
Rileyborough
L8 8GP",B,TU Wien,"(1977, 10, 26)",77
44,Nicola Elliott,"Flat 7
Ruth causeway
Geraldview
PR6 0PN",B,TU Graz,"(1994, 9, 15)",22
45,Mr. Brandon Begum,"Studio 65s
Norman court
New Lukefort
W2 8DR",A,TU Graz,"(1979, 6, 6)",32
46,Ms. Hollie Young,"Flat 96
Carr trafficway
Lake Abdul
PA17 0JZ",B,BOKU,"(1966, 4, 6)",92
47,Mrs. Harriet Charlton,"96 Parkin islands
Rachelshire
B08 5DR",B,BOKU,"(1960, 1, 27)",54
48,Barry Todd,"Flat 99
Walsh estate
North Annmouth
N3U 1JR",A,Vienna university,"(1969, 11, 29)",29
49,Mitchell Leonard,"Flat 6
Jones run
South Billyberg
G5H 1PU",A,BOKU,"(1981, 3, 8)",90
50,Jane Ward,"07 Begum well
West Carl
L00 1PG",A,TU Wien,"(1988, 3, 26)",17
